category,term,hebrew_term,wikipedia_en,wikipedia_he,wikidata_id,father,student_of,student,date_of_birth,place_of_birth,date_of_death,place_of_death
Biblical,Aaron,אהרן,https://en.wikipedia.org/wiki/Aaron,https://he.wikipedia.org/wiki/%D7%90%D7%94%D7%A8%D7%9F,Q51676,Amram / עמרם,,,1396 BCE; 1529 BCE,Ancient Egypt / מצרים העתיקה,1274 BCE; 1406 BCE,Mount Haroun / ג'בל הארון
Medieval Jewish,Aaron ben Elijah,אהרון בן אליהו האחרון,https://en.wikipedia.org/wiki/Aaron_ben_Elijah,,Q302956,,,,1328,Cairo / קהיר,1369,Constantinople / קונסטנטינופול
Medieval Jewish,Aaron ben Hayyim ha-Kohen,Aaron ben Hayyim ha-Kohen,https://en.wikipedia.org/wiki/Aaron_ben_Hayyim_ha-Kohen,,Q137592073,,,,,,,
Geonim,Aaron ben Meïr,אהרן בן מאיר,https://en.wikipedia.org/wiki/Aaron_ben_Me%C3%AFr,https://he.wikipedia.org/wiki/%D7%90%D7%94%D7%A8%D7%9F_%D7%91%D7%9F_%D7%9E%D7%90%D7%99%D7%A8,Q2820100,,,,,,,
Geonim,Aaron ha-Cohen,Aaron ha-Cohen,https://en.wikipedia.org/wiki/Aaron_ha-Cohen,,Q118874674,,,,,,,
Geonim,Aaron ibn Sargado,אהרן גאון,https://en.wikipedia.org/wiki/Aaron_ibn_Sargado,https://he.wikipedia.org/wiki/%D7%90%D7%94%D7%A8%D7%9F_%D7%92%D7%90%D7%95%D7%9F,Q84607354,,,,,,,
Biblical,Abagtha,אבגתא,https://en.wikipedia.org/wiki/Abagtha,https://he.wikipedia.org/wiki/%D7%90%D7%91%D7%92%D7%AA%D7%90,Q304781,,,,,,,
Amoraim,Abaye,אביי,https://en.wikipedia.org/wiki/Abaye,https://he.wikipedia.org/wiki/%D7%90%D7%91%D7%99%D7%99,Q304924,,,,3c; 0278,,0339,
Amoraim,Abba bar Abba,אבוה דשמואל,https://en.wikipedia.org/wiki/Abba_bar_Abba,https://he.wikipedia.org/wiki/%D7%90%D7%91%D7%95%D7%94_%D7%93%D7%A9%D7%9E%D7%95%D7%90%D7%9C,Q305784,,,,2c,,3c,
Amoraim,Abba bar Kahana,רבי אבא בר כהנא,https://en.wikipedia.org/wiki/Abba_bar_Kahana,https://he.wikipedia.org/wiki/%D7%A8%D7%91%D7%99_%D7%90%D7%91%D7%90_%D7%91%D7%A8_%D7%9B%D7%94%D7%A0%D7%90,Q16133496,,,,,,,
Geonim,Abba ben Ammi,רב אבא גאון,https://en.wikipedia.org/wiki/Abba_ben_Ammi,https://he.wikipedia.org/wiki/%D7%A8%D7%91_%D7%90%D7%91%D7%90_%D7%92%D7%90%D7%95%D7%9F,Q20501918,,,,,,,
Tannaim,Abba Gorion of Sidon,אבא גוריון איש צידן,https://en.wikipedia.org/wiki/Abba_Gorion_of_Sidon,https://he.wikipedia.org/wiki/%D7%90%D7%91%D7%90_%D7%92%D7%95%D7%A8%D7%99%D7%95%D7%9F_%D7%90%D7%99%D7%A9_%D7%A6%D7%99%D7%93%D7%9F,Q4663638,,,,,,,
Tannaim,Abba Hilkiah,אבא חלקיה,https://en.wikipedia.org/wiki/Abba_Hilkiah,https://he.wikipedia.org/wiki/%D7%90%D7%91%D7%90_%D7%97%D7%9C%D7%A7%D7%99%D7%94,Q2695686,,,,,Palestine / ארץ ישראל,,
Tannaim,Abba Jose ben Hanan,אבא יוסי בן חנן,https://en.wikipedia.org/wiki/Abba_Jose_ben_Hanan,https://he.wikipedia.org/wiki/%D7%90%D7%91%D7%90_%D7%99%D7%95%D7%A1%D7%99_%D7%91%D7%9F_%D7%97%D7%A0%D7%9F,Q4663643,,,,,,,
Amoraim; Tannaim,Abba Kohen Bardela,אבא כהן ברדלא,https://en.wikipedia.org/wiki/Abba_Kohen_Bardela,https://he.wikipedia.org/wiki/%D7%90%D7%91%D7%90_%D7%9B%D7%94%D7%9F_%D7%91%D7%A8%D7%93%D7%9C%D7%90,Q4663647,,,,2c,,,
Medieval Jewish,Abba Mari ben Eligdor,אבא מרי בן אליגדור,https://en.wikipedia.org/wiki/Abba_Mari_ben_Eligdor,https://he.wikipedia.org/wiki/%D7%90%D7%91%D7%90_%D7%9E%D7%A8%D7%99_%D7%91%D7%9F_%D7%90%D7%9C%D7%99%D7%92%D7%93%D7%95%D7%A8,Q4663651,,,,,,,
Amoraim,Abba of Carthage,רבי אבא מקרטיגנא,https://en.wikipedia.org/wiki/Abba_of_Carthage,https://he.wikipedia.org/wiki/%D7%A8%D7%91%D7%99_%D7%90%D7%91%D7%90_%D7%9E%D7%A7%D7%A8%D7%98%D7%99%D7%92%D7%A0%D7%90,Q4663679,,,,,,,
Amoraim,Abba of Jaffa,אבא דמן יפו,https://en.wikipedia.org/wiki/Abba_of_Jaffa,https://he.wikipedia.org/wiki/%D7%90%D7%91%D7%90_%D7%93%D7%9E%D7%9F_%D7%99%D7%A4%D7%95,Q4663683,,,,,,,
Tannaim,Abba Saul,אבא שאול,https://en.wikipedia.org/wiki/Abba_Saul,https://he.wikipedia.org/wiki/%D7%90%D7%91%D7%90_%D7%A9%D7%90%D7%95%D7%9C,Q2763097,,,,2c,Jerusalem / ירושלים,,
Tannaim,Abba Saul ben Batnit,אבא שאול בן בטנית,https://en.wikipedia.org/wiki/Abba_Saul_ben_Batnit,https://he.wikipedia.org/wiki/%D7%90%D7%91%D7%90_%D7%A9%D7%90%D7%95%D7%9C_%D7%91%D7%9F_%D7%91%D7%98%D7%A0%D7%99%D7%AA,Q305782,,,,,Jerusalem / ירושלים,,
Biblical,Abda,בן-עבדא,https://en.wikipedia.org/wiki/Abda_%28biblical_figure%29,,Q7719735,,,,,,,
Biblical,Abdi,עבדי,https://en.wikipedia.org/wiki/Abdi,,Q25936438,,,,,,,
Biblical,Abdon,עבדון בן הלל,https://en.wikipedia.org/wiki/Abdon_%28Judges%29,https://he.wikipedia.org/wiki/%D7%A2%D7%91%D7%93%D7%95%D7%9F_%D7%91%D7%9F_%D7%94%D7%9C%D7%9C,Q308320,Hillel the Pirathonite,,,,Pirathon / פרעתון,,Pirathon / פרעתון
Biblical,Abel,הבל,https://en.wikipedia.org/wiki/Abel,https://he.wikipedia.org/wiki/%D7%94%D7%91%D7%9C,Q313421,Adam / אדם,,,3897 BCE,,3825 BCE,
Biblical,Abiasaph,אביאסף בן קרח,,https://he.wikipedia.org/wiki/%D7%90%D7%91%D7%99%D7%90%D7%A1%D7%A3_%D7%91%D7%9F_%D7%A7%D7%A8%D7%97,Q11684128,Korah / קורח,,,,,,
Biblical,Abidan,אבידן בן גדעוני,https://en.wikipedia.org/wiki/Abidan,https://he.wikipedia.org/wiki/%D7%90%D7%91%D7%99%D7%93%D7%9F_%D7%91%D7%9F_%D7%92%D7%93%D7%A2%D7%95%D7%A0%D7%99,Q3494535,Gideoni / גדעוני,,,,,,
Biblical,Abiezer,אביעזר,https://en.wikipedia.org/wiki/Abiezer,,Q2914121,,,,,,,
Biblical,Abiezer,אביעזר,,https://he.wikipedia.org/wiki/%D7%90%D7%91%D7%99%D7%A2%D7%96%D7%A8_%28%D7%A9%D7%91%D7%98_%D7%9E%D7%A0%D7%A9%D7%94%29,Q20501924,Hepher / חפר,,,,,,
Biblical,Abigail,אביגיל בת ישי,https://en.wikipedia.org/wiki/Abigail_%28mother_of_Amasa%29,https://he.wikipedia.org/wiki/%D7%90%D7%91%D7%99%D7%92%D7%99%D7%9C_%D7%91%D7%AA_%D7%99%D7%A9%D7%99,Q3603697,Jesse / ישי,,,,,,
Biblical,Abigail,אביגיל,https://en.wikipedia.org/wiki/Abigail,https://he.wikipedia.org/wiki/%D7%90%D7%91%D7%99%D7%92%D7%99%D7%9C,Q4416778,,,,11c BCE,,10c BCE,
Biblical,Abihail,אביחיל,https://en.wikipedia.org/wiki/Abihail,,Q4667729,,,,,,,
Biblical,Abijah,אביה,https://en.wikipedia.org/wiki/Abijah_%28queen%29,,Q3603705,Zechariah,,,,,,
Biblical; Biblical kings,Abijah,אביה,https://en.wikipedia.org/wiki/Abijah_of_Judah,https://he.wikipedia.org/wiki/%D7%90%D7%91%D7%99%D7%94_%28%D7%9E%D7%9C%D7%9A_%D7%99%D7%94%D7%95%D7%93%D7%94%29,Q273517,Rehoboam / רחבעם,,,950 BCE,Jerusalem / ירושלים,911 BCE,Jerusalem / ירושלים
Biblical,Abijah,אביה,https://en.wikipedia.org/wiki/Abijah,https://he.wikipedia.org/wiki/%D7%90%D7%91%D7%99%D7%94,Q321187,,,,,,,
Biblical,Abimelech,אבימלך מלך גרר,https://en.wikipedia.org/wiki/Abimelech,https://he.wikipedia.org/wiki/%D7%90%D7%91%D7%99%D7%9E%D7%9C%D7%9A_%D7%9E%D7%9C%D7%9A_%D7%92%D7%A8%D7%A8,Q1343803,,,,,,,
Biblical,Abinoam,אבינעם,https://en.wikipedia.org/wiki/Abinoam,,Q4667882,,,,,,,
Biblical,Abiram,Abiram,https://en.wikipedia.org/wiki/Abiram,,Q106827501,,,,,,,
Biblical,Abiud,אביהוד,https://en.wikipedia.org/wiki/Abihud,,Q321170,Zerubbabel / זרובבל בן שאלתיאל,,,,,,
Biblical,Abner,אבנר בן נר,https://en.wikipedia.org/wiki/Abner,https://he.wikipedia.org/wiki/%D7%90%D7%91%D7%A0%D7%A8_%D7%91%D7%9F_%D7%A0%D7%A8,Q1133337,Ner,,,,,,
Biblical,Abraham,אברהם,https://en.wikipedia.org/wiki/Abraham,https://he.wikipedia.org/wiki/%D7%90%D7%91%D7%A8%D7%94%D7%9D,Q9181,Terah / תרח,,,1813 BCE,Ur Kaśdim / אור כשדים,1638 BCE,Hebron / חברון
Geonim,Abraham ben Aaron,Abraham ben Aaron,https://en.wikipedia.org/wiki/Abraham_ben_Aaron,,Q118874768,,,,,,,
Geonim; Rishonim,Abraham ben Mazhir,Abraham ben Mazhir,https://en.wikipedia.org/wiki/Abraham_ben_Mazhir,,Q120210156,,,,,,,
Rishonim,Abraham Eleazar,Abraham Eleazar,https://en.wikipedia.org/wiki/Abraham_Eleazar,,Q122863751,,,,,,,
Tannaim,Abtalion,אבטליון,https://en.wikipedia.org/wiki/Abtalion,https://he.wikipedia.org/wiki/%D7%90%D7%91%D7%98%D7%9C%D7%99%D7%95%D7%9F_%28%D7%96%D7%95%D7%92%D7%95%D7%AA%29,Q2750624,,Judah ben Tabbai / יהודה בן טבאי; Simeon ben Shetach / שמעון בן שטח,Hillel the Elder / הלל הזקן; Shammai the elder / שמאי הזקן,,,,
Tannaim,Abtolemus,אבטולמוס,https://en.wikipedia.org/wiki/Abtolemus,https://he.wikipedia.org/wiki/%D7%90%D7%91%D7%98%D7%95%D7%9C%D7%9E%D7%95%D7%A1,Q2695791,,,,2c,Sepphoris / ציפורי,,
Biblical,Achan,עכן בן כרמי,https://en.wikipedia.org/wiki/Achan_%28biblical_figure%29,https://he.wikipedia.org/wiki/%D7%A2%D7%9B%D7%9F_%D7%91%D7%9F_%D7%9B%D7%A8%D7%9E%D7%99,Q1889647,Carmi / כרמי,,,,,,
Biblical,Achbor,עכבור,https://en.wikipedia.org/wiki/Achbor,,Q4673588,,,,,,,
Biblical,Achimelech,אחימלך בן אחיטוב,https://en.wikipedia.org/wiki/Achimelech,,Q4673772,,,,,,,
Biblical,Achsah,עכסה,https://en.wikipedia.org/wiki/Achsah,https://he.wikipedia.org/wiki/%D7%A2%D7%9B%D7%A1%D7%94,Q2829011,Caleb / כלב בן יפונה,,,,,,
Biblical,Adah,עדה,,https://he.wikipedia.org/wiki/%D7%A2%D7%93%D7%94_%28%D7%93%D7%9E%D7%95%D7%AA_%D7%9E%D7%A7%D7%A8%D7%90%D7%99%D7%AA%29,Q1809123,,,,,,,
Biblical,Adaiah,Adaiah,https://en.wikipedia.org/wiki/Adaiah,,Q4678401,,,,,,,
Biblical,Adam,אדם,https://en.wikipedia.org/wiki/Adam,https://he.wikipedia.org/wiki/%D7%90%D7%93%D7%9D_%28%D7%93%D7%9E%D7%95%D7%AA_%D7%9E%D7%A7%D7%A8%D7%90%D7%99%D7%AA%29,Q70899,,,,4004 BCE,Garden of Eden / גן עדן,3074 BCE,
Biblical,Addon,Addon,https://en.wikipedia.org/wiki/Addon,,Q4681360,,,,,,,
Biblical,Adiel,Adiel,https://en.wikipedia.org/wiki/Adiel,,Q4682726,,,,,,,
Tannaim,Admon,אדמון,https://en.wikipedia.org/wiki/Admon_%28tanna%29,https://he.wikipedia.org/wiki/%D7%90%D7%93%D7%9E%D7%95%D7%9F,Q2069742,,,,,Jerusalem / ירושלים,,
Biblical,Adonijah,אדניהו,https://en.wikipedia.org/wiki/Adonijah,https://he.wikipedia.org/wiki/%D7%90%D7%93%D7%95%D7%A0%D7%99%D7%94%D7%95,Q360378,David / דוד,,,10c BCE,Hebron / חברון,10c BCE,
Biblical,Adoniram,אדנירם,https://en.wikipedia.org/wiki/Adoniram,https://he.wikipedia.org/wiki/%D7%90%D7%93%D7%A0%D7%99%D7%A8%D7%9D,Q4057937,Abda,,,,,,
Biblical,Agur,אגור בן יקה,https://en.wikipedia.org/wiki/Agur,https://he.wikipedia.org/wiki/%D7%90%D7%92%D7%95%D7%A8_%D7%91%D7%9F_%D7%99%D7%A7%D7%94,Q398663,,,,,,,
Tannaim,Aha,רבי אחא,,https://he.wikipedia.org/wiki/%D7%A8%D7%91%D7%99_%D7%90%D7%97%D7%90_%28%D7%AA%D7%A0%D7%90%29,Q25492584,,,,,,,
Amoraim,Aha b. Raba,רב אחא בריה דרבא,https://en.wikipedia.org/wiki/Aha_b._Rava,https://he.wikipedia.org/wiki/%D7%A8%D7%91_%D7%90%D7%97%D7%90_%D7%91%D7%A8%D7%99%D7%94_%D7%93%D7%A8%D7%91%D7%90,Q4694893,,,,,,,
Biblical kings,Ahab,אחאב,https://en.wikipedia.org/wiki/Ahab,https://he.wikipedia.org/wiki/%D7%90%D7%97%D7%90%D7%91,Q235901,Omri / עמרי,,,918 BCE,,852 BCE,Ramoth-Gilead / רמות גלעד
Tannaim,Ahai ben Josiah,אחי ברבי יאשיה,https://en.wikipedia.org/wiki/Ahai_ben_Josiah,https://he.wikipedia.org/wiki/%D7%A8%D7%91%D7%99_%D7%90%D7%97%D7%99_%D7%91%D7%A8%D7%91%D7%99_%D7%99%D7%90%D7%A9%D7%99%D7%94,Q106226060,,,,,,,
Geonim,Ahai of Shabaḥa,רב אחא משבחא,https://en.wikipedia.org/wiki/Ahai_of_Shabha,https://he.wikipedia.org/wiki/%D7%A8%D7%91_%D7%90%D7%97%D7%90_%D7%9E%D7%A9%D7%91%D7%97%D7%90,Q953481,,,,0680,,0752; 0756,Palestine / ארץ ישראל
Biblical kings,Ahaz,אחז,https://en.wikipedia.org/wiki/Ahaz,https://he.wikipedia.org/wiki/%D7%90%D7%97%D7%96,Q30914,Jotham / יותם,,,763 BCE,,727 BCE,
Biblical kings,Ahaziah,אחזיהו,https://en.wikipedia.org/wiki/Ahaziah_of_Israel,https://he.wikipedia.org/wiki/%D7%90%D7%97%D7%96%D7%99%D7%94%D7%95_%28%D7%9E%D7%9C%D7%9A_%D7%99%D7%A9%D7%A8%D7%90%D7%9C%29,Q313213,Ahab / אחאב,,,870 BCE,Kingdom of Israel / ממלכת ישראל,851 BCE,
Biblical kings,Ahaziah,אחזיהו,https://en.wikipedia.org/wiki/Ahaziah_of_Judah,https://he.wikipedia.org/wiki/%D7%90%D7%97%D7%96%D7%99%D7%94%D7%95_%28%D7%9E%D7%9C%D7%9A_%D7%99%D7%94%D7%95%D7%93%D7%94%29,Q313214,Jehoram / יהורם,,,863 BCE,Jerusalem / ירושלים,841 BCE,Tel Megiddo / תל מגידו
Biblical,Ahiezer son of Shemaah of Gibeah,אחיעזר בן השמעה הגבעתי,,https://he.wikipedia.org/wiki/%D7%90%D7%97%D7%99%D7%A2%D7%96%D7%A8_%D7%91%D7%9F_%D7%94%D7%A9%D7%9E%D7%A2%D7%94_%D7%94%D7%92%D7%91%D7%A2%D7%AA%D7%99,Q20502064,,,,,,,
Biblical,Ahijah,אחיה,https://en.wikipedia.org/wiki/Ahijah,https://he.wikipedia.org/wiki/%D7%90%D7%97%D7%99%D7%94,Q4072968,,,,,,,
Biblical,Ahijah the Shilonite,אחיה השילוני,https://en.wikipedia.org/wiki/Ahijah_the_Shilonite,https://he.wikipedia.org/wiki/%D7%90%D7%97%D7%99%D7%94_%D7%94%D7%A9%D7%99%D7%9C%D7%95%D7%A0%D7%99,Q2590260,,David / דוד,Elijah / אליהו,,,,
Biblical,Ahikam,אחיקם,https://en.wikipedia.org/wiki/Ahikam,https://he.wikipedia.org/wiki/%D7%90%D7%97%D7%99%D7%A7%D7%9D_%D7%91%D7%9F_%D7%A9%D7%A4%D7%9F,Q4695108,Shaphan / שפן הסופר,,,,,,
Biblical,Ahimaaz,אחימעץ בן צדוק,https://en.wikipedia.org/wiki/Ahimaaz,https://he.wikipedia.org/wiki/%D7%90%D7%97%D7%99%D7%9E%D7%A2%D7%A5_%D7%91%D7%9F_%D7%A6%D7%93%D7%95%D7%A7,Q2904547,Zadok / צדוק,,,,Land of Israel / ארץ ישראל,,
Biblical,Ahiman,Ahiman,https://en.wikipedia.org/wiki/Ahiman,,Q16147558,,,,,,,
Biblical,Ahimelech,אחימלך בן אחיטוב,https://en.wikipedia.org/wiki/Ahimelech,https://he.wikipedia.org/wiki/%D7%90%D7%97%D7%99%D7%9E%D7%9C%D7%9A_%D7%91%D7%9F_%D7%90%D7%97%D7%99%D7%98%D7%95%D7%91,Q400257,Ahitub / אחיטוב,,,,,,
Biblical,Ahinadab,Ahinadab,https://en.wikipedia.org/wiki/Ahinadab,,Q4695120,,,,,,,
Biblical,Ahio,Ahio,https://en.wikipedia.org/wiki/Ahio,,Q4695122,,,,,,,
Biblical,Ahitophel,אחיתופל,https://en.wikipedia.org/wiki/Ahitophel,https://he.wikipedia.org/wiki/%D7%90%D7%97%D7%99%D7%AA%D7%95%D7%A4%D7%9C,Q400294,,,,11c BCE,Giloh / גילה,1019 BCE; 978 BCE,
Biblical,Ahitub,אחיטוב,https://en.wikipedia.org/wiki/Ahitub_%28High_Priest%29,https://he.wikipedia.org/wiki/%D7%90%D7%97%D7%99%D7%98%D7%95%D7%91_%28%D7%A0%D7%9B%D7%93_%D7%A2%D7%9C%D7%99%29,Q4695144,Phinehas / פינחס בן עלי,,,,,,
Biblical,Ahitub,Ahitub,https://en.wikipedia.org/wiki/Ahitub,,Q109376121,,,,,,,
Biblical,Ahoah,Ahoah,https://en.wikipedia.org/wiki/Ahoah,,Q4696268,,,,,,,
Tannaim,Akabia ben Mahalalel,עקביא בן מהללאל,https://en.wikipedia.org/wiki/Akabia_ben_Mahalalel,https://he.wikipedia.org/wiki/%D7%A2%D7%A7%D7%91%D7%99%D7%90_%D7%91%D7%9F_%D7%9E%D7%94%D7%9C%D7%9C%D7%90%D7%9C,Q585126,,,,,Galilee / הגליל,,
Tannaim,Akiva ben Joseph,רבי עקיבא בן יוסף,https://en.wikipedia.org/wiki/Rabbi_Akiva,https://he.wikipedia.org/wiki/%D7%A8%D7%91%D7%99_%D7%A2%D7%A7%D7%99%D7%91%D7%90,Q310821,,Nahum of Gimzo / נחום איש גמזו; Eliezer ben Hurcanus / רבי אליעזר בן הורקנוס; Joshua ben Hananiah / רבי יהושע בן חנניה,Shimon bar Yochai / שמעון בר יוחאי; Rabbi Meir / רבי מאיר,0050,Lod / לוד,0135-09-28,Caesarea Maritima / קיסריה
Biblical,Alemeth,Alemeth,https://en.wikipedia.org/wiki/Alemeth,,Q4716077,,,,,,,
Biblical,Almodad,אלמודד,https://en.wikipedia.org/wiki/Almodad,https://he.wikipedia.org/wiki/%D7%90%D7%9C%D7%9E%D7%95%D7%93%D7%93,Q2905798,Joktan / יקטן,,,,,,
Biblical,Amariah,אמריהו כהן הראש,https://en.wikipedia.org/wiki/Amariah,https://he.wikipedia.org/wiki/%D7%90%D7%9E%D7%A8%D7%99%D7%94%D7%95_%D7%9B%D7%94%D7%9F_%D7%94%D7%A8%D7%90%D7%A9,Q4740243,,,,,,,
Biblical,Amarkol,אמרכל,https://en.wikipedia.org/wiki/Amarkol,https://he.wikipedia.org/wiki/%D7%90%D7%9E%D7%A8%D7%9B%D7%9C,Q7067854,,,,,,,
Biblical,Amasa,עמשא בן יתר,https://en.wikipedia.org/wiki/Amasa,https://he.wikipedia.org/wiki/%D7%A2%D7%9E%D7%A9%D7%90_%D7%91%D7%9F_%D7%99%D7%AA%D7%A8,Q2689456,Jether / יתר הישמעאלי,,,11c BCE,Kingdom of Israel / ממלכת ישראל המאוחדת,10c BCE,Kingdom of Israel / ממלכת ישראל המאוחדת
Biblical,Amasai,עמשי,https://en.wikipedia.org/wiki/Amasai,https://he.wikipedia.org/wiki/%D7%A2%D7%9E%D7%A9%D7%99,Q4740392,,,,,,,
Biblical,Amashsai,Amashsai,https://en.wikipedia.org/wiki/Amashsai,,Q4740397,,,,,,,
Biblical,Amasla,אמתלאי בת כרנבו,https://en.wikipedia.org/wiki/Amathlai,https://he.wikipedia.org/wiki/%D7%90%D7%9E%D7%AA%D7%9C%D7%90%D7%99_%D7%91%D7%AA_%D7%9B%D7%A8%D7%A0%D7%91%D7%95,Q33205630,Karnivo / כרנבו,,,,,,
Biblical,Amaziah,אמציה כהן בית אל,https://en.wikipedia.org/wiki/Amaziah_%28Book_of_Amos%29,https://he.wikipedia.org/wiki/%D7%90%D7%9E%D7%A6%D7%99%D7%94_%D7%9B%D7%94%D7%9F_%D7%91%D7%99%D7%AA_%D7%90%D7%9C,Q11957664,,,,,,,
Biblical,Amaziah,אמציה,https://en.wikipedia.org/wiki/Amaziah,https://he.wikipedia.org/wiki/%D7%90%D7%9E%D7%A6%D7%99%D7%94_%28%D7%A4%D7%99%D7%A8%D7%95%D7%A9%D7%95%D7%A0%D7%99%D7%9D%29,Q4740764,,,,,,,
Biblical; Biblical kings,Amaziah,אמציהו,https://en.wikipedia.org/wiki/Amaziah_of_Judah,https://he.wikipedia.org/wiki/%D7%90%D7%9E%D7%A6%D7%99%D7%94%D7%95,Q313237,Jehoash / יהואש,,,822 BCE,Jerusalem / ירושלים,767 BCE,Lachish / תל לכיש
Biblical,Amittai,אמיתי,https://en.wikipedia.org/wiki/Amittai,,Q4746955,,,,,,,
Biblical,Ammihud,עמיהוד,https://en.wikipedia.org/wiki/Ammihud,,Q4747242,,,,,,,
Biblical,Amminadab,עמינדב,https://en.wikipedia.org/wiki/Amminadab,https://he.wikipedia.org/wiki/%D7%A2%D7%9E%D7%99%D7%A0%D7%93%D7%91_%28%D7%93%D7%9E%D7%95%D7%AA_%D7%9E%D7%A7%D7%A8%D7%90%D7%99%D7%AA%29,Q2038223,Ram / רם‎; Admin,,,,,,
Biblical,Amnon,אמנון,https://en.wikipedia.org/wiki/Amnon,https://he.wikipedia.org/wiki/%D7%90%D7%9E%D7%A0%D7%95%D7%9F_%28%D7%93%D7%9E%D7%95%D7%AA_%D7%9E%D7%A7%D7%A8%D7%90%D7%99%D7%AA%29,Q361636,David / דוד,,,11c BCE,Hebron / חברון,10c BCE,Jerusalem / ירושלים
Biblical; Biblical kings,Amon,אמון,https://en.wikipedia.org/wiki/Amon_of_Judah,https://he.wikipedia.org/wiki/%D7%90%D7%9E%D7%95%D7%9F_%28%D7%9E%D7%9C%D7%9A_%D7%99%D7%94%D7%95%D7%93%D7%94%29,Q313423,Manasseh / מנשה,,,664 BCE,Kingdom of Judah / ממלכת יהודה,640 BCE,Jerusalem / ירושלים
Amoraim,Amoraim,אמוראים,https://en.wikipedia.org/wiki/Amoraim,https://he.wikipedia.org/wiki/%D7%90%D7%9E%D7%95%D7%A8%D7%90%D7%99%D7%9D,Q474035,,,,,,,
Amoraim,Amoraim of Babylon,אמוראי בבל,,https://he.wikipedia.org/wiki/%D7%90%D7%9E%D7%95%D7%A8%D7%90%D7%99_%D7%91%D7%91%D7%9C,Q55649849,,,,,,,
Biblical,Amos,עָמוֹס,https://en.wikipedia.org/wiki/Amos_%28prophet%29,https://he.wikipedia.org/wiki/%D7%A2%D7%9E%D7%95%D7%A1,Q213850,,Hosea / הושע בן בארי,Isaiah / ישעיהו,814 BCE,Teqoa / תקוע (יישוב מקראי),740 BCE,
Biblical,Amoz,אמוץ,https://en.wikipedia.org/wiki/Amoz,https://he.wikipedia.org/wiki/%D7%90%D7%9E%D7%95%D7%A5,Q4748020,Jehoash / יהואש,,,,,,
Biblical,Amram,עמרם,https://en.wikipedia.org/wiki/Amram,https://he.wikipedia.org/wiki/%D7%A2%D7%9E%D7%A8%D7%9D,Q477527,Kohath / קהת,,,,,,
Geonim,Amram Gaon,רב עמרם גאון,https://en.wikipedia.org/wiki/Amram_ben_Sheshna,https://he.wikipedia.org/wiki/%D7%A8%D7%91_%D7%A2%D7%9E%D7%A8%D7%9D_%D7%92%D7%90%D7%95%D7%9F,Q477541,,,,0810,Sura / סורא,0875,Sura / סורא
Medieval Jewish,Amram of Mainz,Amram of Mainz,https://en.wikipedia.org/wiki/Amram_of_Mainz,,Q477533,,,,0900,Mainz / מיינץ,,Cologne / קלן
Tannaim,Ananel,חנמאל המצרי,https://en.wikipedia.org/wiki/Ananelus,https://he.wikipedia.org/wiki/%D7%97%D7%A0%D7%9E%D7%90%D7%9C_%D7%94%D7%9E%D7%A6%D7%A8%D7%99,Q485806,,,,1c BCE,,,
Tannaim,Antigonus of Sokho,אנטיגנוס איש סוכו,https://en.wikipedia.org/wiki/Antigonus_of_Sokho,https://he.wikipedia.org/wiki/%D7%90%D7%A0%D7%98%D7%99%D7%92%D7%A0%D7%95%D7%A1_%D7%90%D7%99%D7%A9_%D7%A1%D7%95%D7%9B%D7%95,Q2590159,,Simeon the Just / שמעון הצדיק,Jose ben Joezer / יוסי בן יועזר; Jose ben Jochanan / יוסי בן יוחנן,,,264 BCE,
Tannaim,Aquila of Sinope,עקילס הגר,https://en.wikipedia.org/wiki/Aquila_of_Sinope,https://he.wikipedia.org/wiki/%D7%A2%D7%A7%D7%99%D7%9C%D7%A1_%D7%94%D7%92%D7%A8,Q335117,,,,1c,Bithynia et Pontus / ביתיניה ופונטוס; Sinope / סינופה,2c,
Biblical,Araunah,ארוונה,https://en.wikipedia.org/wiki/Araunah,https://he.wikipedia.org/wiki/%D7%90%D7%A8%D7%95%D7%95%D7%A0%D7%94,Q2910439,,,,,,,
Biblical,Arba,ארבע,https://en.wikipedia.org/wiki/Arba_%28biblical_figure%29,https://he.wikipedia.org/wiki/%D7%90%D7%A8%D7%91%D7%A2_%28%D7%93%D7%9E%D7%95%D7%AA_%D7%9E%D7%A7%D7%A8%D7%90%D7%99%D7%AA%29,Q3291564,,,,,,,
Biblical kings,Asa,אסא,https://en.wikipedia.org/wiki/Asa_of_Judah,https://he.wikipedia.org/wiki/%D7%90%D7%A1%D7%90,Q313415,Abijah / אביה,,,932 BCE,,870 BCE,Kingdom of Judah / ממלכת יהודה
Biblical,Asahel,עשהאל בן צרויה,https://en.wikipedia.org/wiki/Asahel,https://he.wikipedia.org/wiki/%D7%A2%D7%A9%D7%94%D7%90%D7%9C_%D7%91%D7%9F_%D7%A6%D7%A8%D7%95%D7%99%D7%94,Q2915076,,,,,,,
Biblical,Asaiah,Asaiah,https://en.wikipedia.org/wiki/Asaiah,,Q4803405,,,,,,,
Biblical,Asaph,אסף,https://en.wikipedia.org/wiki/Asaph_%28biblical_figure%29,https://he.wikipedia.org/wiki/%D7%90%D7%A1%D7%A3,Q4206741,,,,,,,
Biblical,"Asaph, son of Berachiah",אסף בן ברכיהו,,https://he.wikipedia.org/wiki/%D7%90%D7%A1%D7%A3_%D7%91%D7%9F_%D7%91%D7%A8%D7%9B%D7%99%D7%94%D7%95,Q43280403,Berechiah / ברכיהו בן שמעא,,,,,,
Biblical,Asenath,אסנת,https://en.wikipedia.org/wiki/Asenath,https://he.wikipedia.org/wiki/%D7%90%D7%A1%D7%A0%D7%AA,Q723681,Shechem / שכם בן חמור; Potipherah / פוטי פרע,,,,,,
Biblical,Asher,אשר,https://en.wikipedia.org/wiki/Asher,https://he.wikipedia.org/wiki/%D7%90%D7%A9%D7%A8_%28%D7%93%D7%9E%D7%95%D7%AA_%D7%9E%D7%A7%D7%A8%D7%90%D7%99%D7%AA%29,Q1775026,Jacob / יעקב,,,,Paddan Aram / פדן ארם,,
Biblical,Asriel,אשריאל,https://en.wikipedia.org/wiki/Asriel,https://he.wikipedia.org/wiki/%D7%90%D7%A9%D7%A8%D7%99%D7%90%D7%9C,Q28221953,Gilead / גלעד,,,,,,
Biblical; Biblical kings,Athaliah,עתליהו,https://en.wikipedia.org/wiki/Athaliah,https://he.wikipedia.org/wiki/%D7%A2%D7%AA%D7%9C%D7%99%D7%94,Q463934,Ahab / אחאב,,,898 BCE,Samaria / השומרון,835 BCE,Jerusalem / ירושלים
Rishonim,Avigdor Kara,אביגדור קרא,https://en.wikipedia.org/wiki/Avigdor_Kara,https://he.wikipedia.org/wiki/%D7%90%D7%91%D7%99%D7%92%D7%93%D7%95%D7%A8_%D7%A7%D7%A8%D7%90,Q790956,,,,14c,Regensburg / רגנסבורג,1439-04-25,Prague / פראג
Amoraim,Avimi,אבימי,,https://he.wikipedia.org/wiki/%D7%90%D7%91%D7%99%D7%9E%D7%99,Q6569449,,,,,,,
Biblical,Avishag,אבישג השונמית,https://en.wikipedia.org/wiki/Abishag,https://he.wikipedia.org/wiki/%D7%90%D7%91%D7%99%D7%A9%D7%92_%D7%94%D7%A9%D7%95%D7%A0%D7%9E%D7%99%D7%AA,Q321469,,,,,Shunem / שונם,,
Biblical,Azariah,עזריהו בן עודד,https://en.wikipedia.org/wiki/Azariah_%28prophet%29,https://he.wikipedia.org/wiki/%D7%A2%D7%96%D7%A8%D7%99%D7%94%D7%95_%D7%91%D7%9F_%D7%A2%D7%95%D7%93%D7%93,Q4832269,,,,10c BCE,,9c BCE,
Biblical,Azariah I,עזריהו בן צדוק,https://en.wikipedia.org/wiki/Azariah_%28High_Priest%29,https://he.wikipedia.org/wiki/%D7%A2%D7%96%D7%A8%D7%99%D7%94%D7%95_%D7%91%D7%9F_%D7%A6%D7%93%D7%95%D7%A7,Q2025510,Ahimaaz / אחימעץ בן צדוק,,,,Land of Israel / ארץ ישראל,,Land of Israel / ארץ ישראל
Biblical,Azariah II,עזריה (השני),https://en.wikipedia.org/wiki/Azariah_II,,Q1989339,Johanan / יוחנן,,,,,,
Biblical,Azaziah,Azaziah,https://en.wikipedia.org/wiki/Azaziah,,Q4832304,,,,,,,
Biblical,Azor,עזור,https://en.wikipedia.org/wiki/Azor_%28biblical_figure%29,,Q11907447,Eliakim / אליקים,,,,,372 BCE,
Biblical; Biblical kings,Baasha,בעשא,https://en.wikipedia.org/wiki/Baasha_of_Israel,https://he.wikipedia.org/wiki/%D7%91%D7%A2%D7%A9%D7%90,Q313224,Ahijah,,,10c BCE,,10c BCE,
Tannaim,Baba ben Buta,בבא בן בוטא,https://en.wikipedia.org/wiki/Baba_ben_Buta,https://he.wikipedia.org/wiki/%D7%91%D7%91%D7%90_%D7%91%D7%9F_%D7%91%D7%95%D7%98%D7%90,Q2070197,,,,1c BCE,Palestine / ארץ ישראל,,
Tannaim,Bar Kappara,בר קפרא,https://en.wikipedia.org/wiki/Bar_Kappara,https://he.wikipedia.org/wiki/%D7%91%D7%A8_%D7%A7%D7%A4%D7%A8%D7%90,Q449117,,Judah ha-Nasi / רבי יהודה הנשיא,,2c,Caesarea Maritima / קיסריה,3c,Parod / פרוד
Biblical,Barak,ברק בן אבינעם,https://en.wikipedia.org/wiki/Barak,https://he.wikipedia.org/wiki/%D7%91%D7%A8%D7%A7_%D7%91%D7%9F_%D7%90%D7%91%D7%99%D7%A0%D7%A2%D7%9D,Q807236,Abinoam / אבינעם,,,,,,
Biblical,Baruch ben Neriah,ברוך בן נריה,https://en.wikipedia.org/wiki/Baruch_ben_Neriah,https://he.wikipedia.org/wiki/%D7%91%D7%A8%D7%95%D7%9A_%D7%91%D7%9F_%D7%A0%D7%A8%D7%99%D7%94,Q599907,Pene,Jeremiah / ירמיהו,Ezra / עזרא הסופר,,,,
Biblical,Basemath,בשמת בת ישמעאל,https://en.wikipedia.org/wiki/Basemath,https://he.wikipedia.org/wiki/%D7%91%D7%A9%D7%9E%D7%AA_%D7%91%D7%AA_%D7%99%D7%A9%D7%9E%D7%A2%D7%90%D7%9C,Q3320047,Ishmael / ישמעאל; Elon the Hittite / אילון החיתי,,,,,,
Amoraim,Bebai ben Abaye,רב ביבי בר אביי,https://en.wikipedia.org/wiki/Bevai_bar_Abaye,https://he.wikipedia.org/wiki/%D7%A8%D7%91_%D7%91%D7%99%D7%91%D7%99_%D7%91%D7%A8_%D7%90%D7%91%D7%99%D7%99,Q7016001,,,,,,,
Geonim,Bebai ha-Levi ben Abba of Nehar Pekod,ביבוי הלוי,https://en.wikipedia.org/wiki/Bebai_ha-Levi_ben_Abba_of_Nehar_Pekod,https://he.wikipedia.org/wiki/%D7%91%D7%99%D7%91%D7%95%D7%99_%D7%94%D7%9C%D7%95%D7%99,Q92535501,,,,,,,
Biblical,Bedan,Bedan,https://en.wikipedia.org/wiki/Bedan,,Q4878985,,,,,,,
Biblical,Beeri,בארי,https://en.wikipedia.org/wiki/Beeri,,Q1923288,,,,,,,
Biblical,Beeri,בארי (דמות מקראית),,https://he.wikipedia.org/wiki/%D7%91%D7%90%D7%A8%D7%99_%28%D7%93%D7%9E%D7%95%D7%AA_%D7%9E%D7%A7%D7%A8%D7%90%D7%99%D7%AA%29,Q124751797,,,,9c BCE,,8c BCE,
Tannaim,Ben Bag-Bag,בן בג בג,https://en.wikipedia.org/wiki/Ben_Bag-Bag,https://he.wikipedia.org/wiki/%D7%91%D7%9F_%D7%91%D7%92_%D7%91%D7%92,Q16155143,,,,1c,,,
Biblical,Benaiah,בניהו בן יהוידע,https://en.wikipedia.org/wiki/Benaiah,https://he.wikipedia.org/wiki/%D7%91%D7%A0%D7%99%D7%94%D7%95_%D7%91%D7%9F_%D7%99%D7%94%D7%95%D7%99%D7%93%D7%A2,Q816667,Jehoiada / יהוידע,,,,,,
Biblical; Biblical prophets,Benjamin,בנימין,https://en.wikipedia.org/wiki/Benjamin,https://he.wikipedia.org/wiki/%D7%91%D7%A0%D7%99%D7%9E%D7%99%D7%9F,Q460763,Jacob / יעקב,,,1653 BCE,Canaan / כנען,1500 BCE,
Biblical,Berechiah,Berechiah,https://en.wikipedia.org/wiki/Berechiah,,Q818893,,,,,,,
Rishonim,Berechiah de Nicole,ברכיה מניקולא,https://en.wikipedia.org/wiki/Berechiah_de_Nicole,https://he.wikipedia.org/wiki/%D7%91%D7%A8%D7%9B%D7%99%D7%94_%D7%9E%D7%A0%D7%99%D7%A7%D7%95%D7%9C%D7%90,Q4891198,Moses of London / משה בן יום טוב,,,,,,
Medieval Jewish,Berechiah ha-Nakdan,ברכיה בן נטרונאי הנקדן,https://en.wikipedia.org/wiki/Berechiah_ha-Nakdan,https://he.wikipedia.org/wiki/%D7%91%D7%A8%D7%9B%D7%99%D7%94_%D7%91%D7%9F_%D7%A0%D7%98%D7%A8%D7%95%D7%A0%D7%90%D7%99_%D7%94%D7%A0%D7%A7%D7%93%D7%9F,Q818900,,,,12c,Kingdom of France / ממלכת צרפת,13c,
Biblical,Bezalel,בצלאל בן אורי,https://en.wikipedia.org/wiki/Bezalel,https://he.wikipedia.org/wiki/%D7%91%D7%A6%D7%9C%D7%90%D7%9C_%D7%91%D7%9F_%D7%90%D7%95%D7%A8%D7%99,Q853439,Uri / אורי,,,,,,
Biblical,Bildad,בלדד השוחי,https://en.wikipedia.org/wiki/Bildad,https://he.wikipedia.org/wiki/%D7%91%D7%9C%D7%93%D7%93_%D7%94%D7%A9%D7%95%D7%97%D7%99_%28%D7%90%D7%99%D7%95%D7%91%29,Q2776374,,,,16c BCE,,16c BCE,
Biblical,Bilhah,בלהה,https://en.wikipedia.org/wiki/Bilhah,https://he.wikipedia.org/wiki/%D7%91%D7%9C%D7%94%D7%94,Q794991,Laban / לבן הארמי,,,,,,
Biblical,Bithiah,בתיה בת פרעה,https://en.wikipedia.org/wiki/Pharaoh%27s_daughter_%28Exodus%29,https://he.wikipedia.org/wiki/%D7%91%D7%AA%D7%99%D7%94_%D7%91%D7%AA_%D7%A4%D7%A8%D7%A2%D7%94,Q1873244,,,,,Ancient Egypt / מצרים העתיקה,,
Tannaim,Bnei Bathyra,בני בתירה,https://en.wikipedia.org/wiki/Bnei_Bathyra,https://he.wikipedia.org/wiki/%D7%91%D7%A0%D7%99_%D7%91%D7%AA%D7%99%D7%A8%D7%94,Q2904631,,,,,,,
Biblical,Boaz,בעז,https://en.wikipedia.org/wiki/Boaz,https://he.wikipedia.org/wiki/%D7%91%D7%A2%D7%96,Q212253,Salmon / שלמון,,,1283 BCE,,,
Geonim,Bostanai,בוסתנאי בן חנינאי,https://en.wikipedia.org/wiki/Bostanai,https://he.wikipedia.org/wiki/%D7%91%D7%95%D7%A1%D7%AA%D7%A0%D7%90%D7%99_%D7%91%D7%9F_%D7%97%D7%A0%D7%99%D7%A0%D7%90%D7%99,Q741501,,,,0618,,0670,
Tannaim,Bruriah,ברוריה,https://en.wikipedia.org/wiki/Bruriah,https://he.wikipedia.org/wiki/%D7%91%D7%A8%D7%95%D7%A8%D7%99%D7%94,Q469428,Haninah ben Teradion / רבי חנינא בן תרדיון,,,2c,Israel / ישראל,2c,Syria Palaestina / סוריה פלשתינה
Biblical,Buzi,בוזי,https://en.wikipedia.org/wiki/Buzi,,Q135297,,,,,,,
Biblical,Caleb,כלב,https://en.wikipedia.org/wiki/Caleb%2C_son_of_Hezron,https://he.wikipedia.org/wiki/%D7%9B%D7%9C%D7%91_%D7%91%D7%9F_%D7%97%D7%A6%D7%A8%D7%95%D7%9F,Q16938772,Hezron / חצרון,,,,,,
Medieval Jewish,Chaim Paltiel,חיים פלטיאל,https://en.wikipedia.org/wiki/Chaim_Paltiel,https://he.wikipedia.org/wiki/%D7%97%D7%99%D7%99%D7%9D_%D7%A4%D7%9C%D7%98%D7%99%D7%90%D7%9C,Q5067818,,,,1240,,1300,
Geonim; Rishonim,Chananel ben Chushiel,חננאל בן חושיאל,https://en.wikipedia.org/wiki/Chananel_ben_Chushiel,https://he.wikipedia.org/wiki/%D7%A8%D7%91%D7%A0%D7%95_%D7%97%D7%A0%D7%A0%D7%90%D7%9C,Q1061624,,,"Isaac Alfasi / רי""ף",0990,Kairouan / קירואן,1053; 1055; 1055,
Amoraim,Chananja,רב חנינא,https://en.wikipedia.org/wiki/Hanina,https://he.wikipedia.org/wiki/%D7%A8%D7%91_%D7%97%D7%A0%D7%99%D7%A0%D7%90,Q1061611,,,,3c,,4c,
Tannaim,Chananya ben Akashya,רבי חנניה בן עקשיא,,https://he.wikipedia.org/wiki/%D7%A8%D7%91%D7%99_%D7%97%D7%A0%D7%A0%D7%99%D7%94_%D7%91%D7%9F_%D7%A2%D7%A7%D7%A9%D7%99%D7%90,Q6825689,,,,1c,,2c,
Tannaim,Chidka,רבי חידקא,,https://he.wikipedia.org/wiki/%D7%A8%D7%91%D7%99_%D7%97%D7%99%D7%93%D7%A7%D7%90,Q1072266,,Akiva ben Joseph / רבי עקיבא בן יוסף,,0100,,2c,
Geonim,Chushiel,חושיאל בן אלחנן,https://en.wikipedia.org/wiki/Chushiel,https://he.wikipedia.org/wiki/%D7%97%D7%95%D7%A9%D7%99%D7%90%D7%9C_%D7%91%D7%9F_%D7%90%D7%9C%D7%97%D7%A0%D7%9F,Q2894622,,,,10c,Italy / איטליה,,
Geonim,Cohen Tzedek ben Abimaï,כהן צדק בן איבומאי גאון,https://en.wikipedia.org/wiki/Kohen_Tzedek_ben_Abimai,https://he.wikipedia.org/wiki/%D7%9B%D7%94%D7%9F_%D7%A6%D7%93%D7%A7_%D7%91%D7%9F_%D7%90%D7%99%D7%91%D7%95%D7%9E%D7%90%D7%99_%D7%92%D7%90%D7%95%D7%9F,Q2981871,,,,,,0849,
Biblical,Dan,דן,https://en.wikipedia.org/wiki/Dan_%28son_of_Jacob%29,https://he.wikipedia.org/wiki/%D7%93%D7%9F,Q550869,Jacob / יעקב,,,,Haran / חָרָן,,Egypt / מצרים
Biblical,Danel,אגדת אקהת,https://en.wikipedia.org/wiki/Danel,,Q2915456,,,,,,,
Biblical,Daniel,דניאל,https://en.wikipedia.org/wiki/Daniel_%28biblical_figure%29,https://he.wikipedia.org/wiki/%D7%93%D7%A0%D7%99%D7%90%D7%9C,Q171724,,,,7c BCE,Jerusalem / ירושלים,6c BCE,Babylon / בבל
Geonim,Daniel ben Azariah,דניאל בן עזריה,https://en.wikipedia.org/wiki/Daniel_ben_Azariah,https://he.wikipedia.org/wiki/%D7%93%D7%A0%D7%99%D7%90%D7%9C_%D7%91%D7%9F_%D7%A2%D7%96%D7%A8%D7%99%D7%94,Q5219172,,,,,,,
Biblical,Dathan,דתן,https://en.wikipedia.org/wiki/Dathan,https://he.wikipedia.org/wiki/%D7%93%D7%AA%D7%9F,Q2238834,Eliab / אליאב בן פלוא,,,,,,
Biblical,David,דוד,https://en.wikipedia.org/wiki/David,https://he.wikipedia.org/wiki/%D7%93%D7%95%D7%93,Q41370,Jesse / ישי,Samuel / שמואל,Ahijah the Shilonite / אחיה השילוני,1040 BCE; 1039 BCE; 907 BCE,Bethlehem / בית לחם,969 BCE; 961 BCE,Jerusalem / ירושלים
Rishonim,David ben Amram Adani,דוד עדני,https://en.wikipedia.org/wiki/David_ben_Amram_Adani,https://he.wikipedia.org/wiki/%D7%93%D7%95%D7%93_%D7%A2%D7%93%D7%A0%D7%99,Q902744,,,,,,,
Medieval Jewish,David ben Samuel Kokhavi,דוד בן שמואל מאישטילא,https://en.wikipedia.org/wiki/David_ben_Samuel_of_Estelle,https://he.wikipedia.org/wiki/%D7%93%D7%95%D7%93_%D7%91%D7%9F_%D7%A9%D7%9E%D7%95%D7%90%D7%9C_%D7%9E%D7%90%D7%99%D7%A9%D7%98%D7%99%D7%9C%D7%90,Q6982823,,,,1250,,1350,
Biblical,Deborah,דבורה הנביאה,https://en.wikipedia.org/wiki/Deborah,https://he.wikipedia.org/wiki/%D7%93%D7%91%D7%95%D7%A8%D7%94_%D7%94%D7%A0%D7%91%D7%99%D7%90%D7%94,Q213633,,,,1204 BCE,Ramah in Benjamin / רמה,1144 BCE,
Biblical,Deborah,דבורה,https://en.wikipedia.org/wiki/Deborah_%28Genesis%29,https://he.wikipedia.org/wiki/%D7%93%D7%91%D7%95%D7%A8%D7%94_%28%D7%9E%D7%99%D7%A0%D7%A7%D7%AA_%D7%A8%D7%91%D7%A7%D7%94%29,Q2903219,Uz / עוץ,,,,,,
Biblical,Dinah,דינה,https://en.wikipedia.org/wiki/Dinah,https://he.wikipedia.org/wiki/%D7%93%D7%99%D7%A0%D7%94,Q122035,Jacob / יעקב,,,1700 BCE,,1590 BCE,
Geonim,Dodai ben Nahman,דודאי בן נחמן,https://en.wikipedia.org/wiki/Dodai_ben_Nahman,https://he.wikipedia.org/wiki/%D7%93%D7%95%D7%93%D7%90%D7%99_%D7%91%D7%9F_%D7%A0%D7%97%D7%9E%D7%9F,Q5287693,,,,,,,
Tannaim,Dosa ben Harkinas,רבי דוסא בן הרכינס,https://en.wikipedia.org/wiki/Dosa_ben_Harkinas,https://he.wikipedia.org/wiki/%D7%A8%D7%91%D7%99_%D7%93%D7%95%D7%A1%D7%90_%D7%91%D7%9F_%D7%94%D7%A8%D7%9B%D7%99%D7%A0%D7%A1,Q131833,,,,1c; 1c,Israel / ישראל,,
Tannaim,Dosetai,דוסתאי,https://en.wikipedia.org/wiki/Dosetai,https://he.wikipedia.org/wiki/%D7%93%D7%95%D7%A1%D7%AA%D7%90%D7%99,Q136012500,,,,,,,
Geonim,Dossa ben Saadia,דוסא בן סעדיה,https://en.wikipedia.org/wiki/Dosa_ben_Saadia,https://he.wikipedia.org/wiki/%D7%A8%D7%91_%D7%93%D7%95%D7%A1%D7%90_%D7%91%D7%9F_%D7%A1%D7%A2%D7%93%D7%99%D7%94,Q3037331,,,,0935,Babylon / בבל,1013; 1017; 1018,Babylon / בבל
Tannaim,Dostai ben Jannai,רבי דוסתאי ברבי ינאי,https://en.wikipedia.org/wiki/Dostai_ben_Yannai,https://he.wikipedia.org/wiki/%D7%A8%D7%91%D7%99_%D7%93%D7%95%D7%A1%D7%AA%D7%90%D7%99_%D7%91%D7%A8%D7%91%D7%99_%D7%99%D7%A0%D7%90%D7%99,Q1251063,רבי ינאי,Rabbi Meir / רבי מאיר,,2c,Syria Palaestina / סוריה פלשתינה,3c,
Biblical,Ebed-Melech,עבד מלך הכושי,https://en.wikipedia.org/wiki/Ebed-Melech,https://he.wikipedia.org/wiki/%D7%A2%D7%91%D7%93_%D7%9E%D7%9C%D7%9A_%D7%94%D7%9B%D7%95%D7%A9%D7%99,Q177617,,,,,,,
Biblical,Eber,עבר,https://en.wikipedia.org/wiki/Eber,https://he.wikipedia.org/wiki/%D7%A2%D7%91%D7%A8_%28%D7%93%D7%9E%D7%95%D7%AA_%D7%9E%D7%A7%D7%A8%D7%90%D7%99%D7%AA%29,Q502282,Salah / שלח,,,2038 BCE,Ur / אור,1574 BCE,
Rishonim,Efraim ben Isaak,אפרים מרגנסבורג,https://en.wikipedia.org/wiki/Ephraim_ben_Isaac_of_Regensburg,https://he.wikipedia.org/wiki/%D7%90%D7%A4%D7%A8%D7%99%D7%9D_%D7%9E%D7%A8%D7%92%D7%A0%D7%A1%D7%91%D7%95%D7%A8%D7%92,Q1296489,,,,1110,Regensburg / רגנסבורג,1175,Regensburg / רגנסבורג
Biblical,Ehud,אהוד בן גרא,https://en.wikipedia.org/wiki/Ehud,https://he.wikipedia.org/wiki/%D7%90%D7%94%D7%95%D7%93_%D7%91%D7%9F_%D7%92%D7%A8%D7%90,Q1300996,Gera,,,1318 BCE,Canaan / כנען,1217 BCE,Canaan / כנען
Biblical; Biblical kings,Elah,אלה,https://en.wikipedia.org/wiki/Elah_%28king%29,https://he.wikipedia.org/wiki/%D7%90%D7%9C%D7%94_%D7%91%D7%9F_%D7%91%D7%A2%D7%A9%D7%90,Q319020,Baasha / בעשא,,,10c BCE,,10c BCE,Tirzah / תרצה
Biblical,Eleazar,אלעזר בן פנחס,https://en.wikipedia.org/wiki/Eleazar%2C_son_of_Pinhas,,Q5354451,,,,,,,
Biblical,Eleazar,אלעזר בן אבינדב,https://en.wikipedia.org/wiki/Eleazar%2C_son_of_Abinadab,,Q5354448,Abinadab of Kiriath-jearim / אבינדב (קריית יערים),,,,,,
Tannaim,Eleazar b. Simeon,רבי אלעזר ברבי שמעון,https://en.wikipedia.org/wiki/Eleazar_ben_Simeon,https://he.wikipedia.org/wiki/%D7%A8%D7%91%D7%99_%D7%90%D7%9C%D7%A2%D7%96%D7%A8_%D7%91%D7%A8%D7%91%D7%99_%D7%A9%D7%9E%D7%A2%D7%95%D7%9F,Q746845,Shimon bar Yochai / שמעון בר יוחאי,Shimon bar Yochai / שמעון בר יוחאי,,2c,Galilee / הגליל,,Syria Palaestina / סוריה פלשתינה
Tannaim,Eleazar Bar Zadok,רבי אלעזר ברבי צדוק,https://en.wikipedia.org/wiki/Eleazar_bar_Zadok,https://he.wikipedia.org/wiki/%D7%A8%D7%91%D7%99_%D7%90%D7%9C%D7%A2%D7%96%D7%A8_%D7%91%D7%A8%D7%91%D7%99_%D7%A6%D7%93%D7%95%D7%A7,Q6893258,,Yochanan ben HaChoranit / רבי יוחנן בן החורני,,,,,
Tannaim,Eleazar ben Arach,רבי אלעזר בן ערך,https://en.wikipedia.org/wiki/Eleazar_ben_Arach,https://he.wikipedia.org/wiki/%D7%A8%D7%91%D7%99_%D7%90%D7%9C%D7%A2%D7%96%D7%A8_%D7%91%D7%9F_%D7%A2%D7%A8%D7%9A,Q1325789,,Johanan ben Zakai / רבן יוחנן בן זכאי,,1c,Judaea / פרובינקיה יודיאה,2c,Judaea / פרובינקיה יודיאה
Tannaim,Eleazar ben Azariah,רבי אלעזר בן עזריה,https://en.wikipedia.org/wiki/Eleazar_ben_Azariah,https://he.wikipedia.org/wiki/%D7%A8%D7%91%D7%99_%D7%90%D7%9C%D7%A2%D7%96%D7%A8_%D7%91%D7%9F_%D7%A2%D7%96%D7%A8%D7%99%D7%94,Q1325787,,,,1c,Palestine / ארץ ישראל,2c,
Tannaim,Eleazar ben Judah of Bartota,רבי אלעזר בן יהודה איש ברתותא,https://en.wikipedia.org/wiki/Eleazar_ben_Judah_of_Bartota,https://he.wikipedia.org/wiki/%D7%A8%D7%91%D7%99_%D7%90%D7%9C%D7%A2%D7%96%D7%A8_%D7%91%D7%9F_%D7%99%D7%94%D7%95%D7%93%D7%94_%D7%90%D7%99%D7%A9_%D7%91%D7%A8%D7%AA%D7%95%D7%AA%D7%90,Q2086119,,,,2c,Israel / ישראל,,
Amoraim,Eleazar ben Pedat,רבי אלעזר בן פדת,https://en.wikipedia.org/wiki/Eleazar_ben_Pedat,https://he.wikipedia.org/wiki/%D7%A8%D7%91%D7%99_%D7%90%D7%9C%D7%A2%D7%96%D7%A8_%D7%91%D7%9F_%D7%A4%D7%93%D7%AA,Q1325773,,,,2c,Babylon / בבל,0279,
Tannaim,Eleazar ben Perata I,רבי אלעזר בן פרטא,https://en.wikipedia.org/wiki/Eleazar_ben_Perata_I,https://he.wikipedia.org/wiki/%D7%A8%D7%91%D7%99_%D7%90%D7%9C%D7%A2%D7%96%D7%A8_%D7%91%D7%9F_%D7%A4%D7%A8%D7%98%D7%90,Q2697384,,,,2c,Israel / ישראל,,
Tannaim,Eleazar ben Shammua,רבי אלעזר בן שמוע,https://en.wikipedia.org/wiki/Eleazar_ben_Shammua,https://he.wikipedia.org/wiki/%D7%A8%D7%91%D7%99_%D7%90%D7%9C%D7%A2%D7%96%D7%A8_%D7%91%D7%9F_%D7%A9%D7%9E%D7%95%D7%A2,Q739520,,,,2c,Galilee / הגליל,,Syria Palaestina / סוריה פלשתינה
Tannaim,Eleazar Chisma,רבי אלעזר חסמא,https://en.wikipedia.org/wiki/Eleazar_Chisma,https://he.wikipedia.org/wiki/%D7%A8%D7%91%D7%99_%D7%90%D7%9C%D7%A2%D7%96%D7%A8_%D7%97%D7%A1%D7%9E%D7%90,Q982199,,,,1c,Israel / ישראל,2c,
Tannaim,Eleazar ha-Kappar,רבי אלעזר הקפר,https://en.wikipedia.org/wiki/Eleazar_ha-Kappar,https://he.wikipedia.org/wiki/%D7%A8%D7%91%D7%99_%D7%90%D7%9C%D7%A2%D7%96%D7%A8_%D7%94%D7%A7%D7%A4%D7%A8,Q982070,,,,2c,Israel / ישראל,2c,Syria Palaestina / סוריה פלשתינה
Tannaim,Eleazar of Modi'im,רבי אלעזר המודעי,https://en.wikipedia.org/wiki/Eleazar_of_Modi%27im,https://he.wikipedia.org/wiki/%D7%A8%D7%91%D7%99_%D7%90%D7%9C%D7%A2%D7%96%D7%A8_%D7%94%D7%9E%D7%95%D7%93%D7%A2%D7%99,Q982078,,,,2c,Palestine / ארץ ישראל,2c,Betar / ביתר
Rishonim,Elhanan ben Isaac of Dampierre,אלחנן בן יצחק,https://en.wikipedia.org/wiki/Elhanan_ben_Isaac_of_Dampierre,https://he.wikipedia.org/wiki/%D7%90%D7%9C%D7%97%D7%A0%D7%9F_%D7%91%D7%9F_%D7%99%D7%A6%D7%97%D7%A7,Q6886987,,,,1100,,1184,
Biblical,Elhanan son of Jair,אלחנן בן יערי,https://en.wikipedia.org/wiki/Elhanan%2C_son_of_Jaare-oregim,https://he.wikipedia.org/wiki/%D7%90%D7%9C%D7%97%D7%A0%D7%9F_%D7%91%D7%9F_%D7%99%D7%A2%D7%A8%D7%99,Q5360135,Jaare-oregim,,,,,,
Biblical,Eli,עלי הכהן,https://en.wikipedia.org/wiki/Eli_%28biblical_figure%29,https://he.wikipedia.org/wiki/%D7%A2%D7%9C%D7%99_%D7%94%D7%9B%D7%94%D7%9F,Q362021,,Phinehas / פינחס,Samuel / שמואל,,,,
Biblical,Eliab,אליאב,https://en.wikipedia.org/wiki/Eliab,,Q2510274,,,,,,,
Biblical,Eliakim,אליקים,https://en.wikipedia.org/wiki/Eliakim%2C_son_of_Abiud,,Q12876922,Abiud / אביהוד,,,,,,
Biblical,Eliakim,אליקים בן חלקיהו,https://en.wikipedia.org/wiki/Eliakim%2C_son_of_Hilkiah,https://he.wikipedia.org/wiki/%D7%90%D7%9C%D7%99%D7%A7%D7%99%D7%9D_%D7%91%D7%9F_%D7%97%D7%9C%D7%A7%D7%99%D7%94%D7%95,Q9252684,Hilkiah,,,,,,
Biblical,Eliashib,אלישיב בן יהויקים,https://en.wikipedia.org/wiki/Eliashib_%28High_Priest%29,https://he.wikipedia.org/wiki/%D7%90%D7%9C%D7%99%D7%A9%D7%99%D7%91_%D7%91%D7%9F_%D7%99%D7%94%D7%95%D7%99%D7%A7%D7%99%D7%9D,Q9252723,Joiakim / יהויקים בן יהושע,,,,,,
Biblical,Eliezer,Eliezer,https://en.wikipedia.org/wiki/Eliezer,,Q26885680,,,,,,,
Biblical,Eliezer,אליעזר,https://en.wikipedia.org/wiki/Eliezer_%28son_of_Moses%29,https://he.wikipedia.org/wiki/%D7%90%D7%9C%D7%99%D7%A2%D7%96%D7%A8_%28%D7%91%D7%9F_%D7%9E%D7%A9%D7%94%29,Q1195680,Moses / משה,,,,,,
Biblical,Eliezer,אליעזר עבד אברהם,https://en.wikipedia.org/wiki/Eliezer_of_Damascus,https://he.wikipedia.org/wiki/%D7%90%D7%9C%D7%99%D7%A2%D7%96%D7%A8_%D7%A2%D7%91%D7%93_%D7%90%D7%91%D7%A8%D7%94%D7%9D,Q14933103,Nimrod / נמרוד,,,,,,
Tannaim,Eliezer ben Hurcanus,רבי אליעזר בן הורקנוס,https://en.wikipedia.org/wiki/Eliezer_ben_Hurcanus,https://he.wikipedia.org/wiki/%D7%A8%D7%91%D7%99_%D7%90%D7%9C%D7%99%D7%A2%D7%96%D7%A8_%D7%91%D7%9F_%D7%94%D7%95%D7%A8%D7%A7%D7%A0%D7%95%D7%A1,Q1329310,,Johanan ben Zakai / רבן יוחנן בן זכאי,Akiva ben Joseph / רבי עקיבא בן יוסף,1c,Judaea / פרובינקיה יודיאה,2c,Caesarea Maritima / קיסריה
Tannaim,Eliezer ben Jacob I,רבי אליעזר בן יעקב,https://en.wikipedia.org/wiki/Eliezer_ben_Jacob_I,https://he.wikipedia.org/wiki/%D7%A8%D7%91%D7%99_%D7%90%D7%9C%D7%99%D7%A2%D7%96%D7%A8_%D7%91%D7%9F_%D7%99%D7%A2%D7%A7%D7%91,Q982196,,,,,Israel / ישראל,,
Tannaim,Eliezer ben Jacob II,רבי אליעזר בן יעקב,https://en.wikipedia.org/wiki/Eliezer_ben_Jacob_II,https://he.wikipedia.org/wiki/%D7%A8%D7%91%D7%99_%D7%90%D7%9C%D7%99%D7%A2%D7%96%D7%A8_%D7%91%D7%9F_%D7%99%D7%A2%D7%A7%D7%91_%28%D7%94%D7%A9%D7%A0%D7%99%29,Q1329293,,,,0100,Israel / ישראל,,
Tannaim,Eliezer ben Jose,רבי אליעזר בן רבי יוסי הגלילי,https://en.wikipedia.org/wiki/Eliezer_ben_Jose,https://he.wikipedia.org/wiki/%D7%A8%D7%91%D7%99_%D7%90%D7%9C%D7%99%D7%A2%D7%96%D7%A8_%D7%91%D7%9F_%D7%A8%D7%91%D7%99_%D7%99%D7%95%D7%A1%D7%99_%D7%94%D7%92%D7%9C%D7%99%D7%9C%D7%99,Q921589,Jose the Galilean / רבי יוסי הגלילי,,,2c,Galilee / הגליל,2c,
Rishonim,Eliezer ben Samuel of Verona,אליעזר בן שמואל,https://en.wikipedia.org/wiki/Eliezer_ben_Samuel_of_Verona,https://he.wikipedia.org/wiki/%D7%90%D7%9C%D7%99%D7%A2%D7%96%D7%A8_%D7%91%D7%9F_%D7%A9%D7%9E%D7%95%D7%90%D7%9C_%28%D7%95%D7%A8%D7%95%D7%A0%D7%94%29,Q592677,,,,12c,,13c,
Rishonim,Eliezer of Toul,אליעזר מטול,https://en.wikipedia.org/wiki/Eliezer_of_Toul,,Q96217210,,,,1000; 12c,,1100; 1234,
Biblical,Eliezer son of Dodavah,אליעזר בן דודוהו,https://en.wikipedia.org/wiki/Eliezer_son_of_Dodavahu_of_Mareshah,https://he.wikipedia.org/wiki/%D7%90%D7%9C%D7%99%D7%A2%D7%96%D7%A8_%D7%91%D7%9F_%D7%93%D7%95%D7%93%D7%95%D7%94%D7%95,Q25494966,,,,,,,
Biblical,Elihu,אליהוא בן ברכאל,https://en.wikipedia.org/wiki/Elihu_%28biblical_figure%29,https://he.wikipedia.org/wiki/%D7%90%D7%9C%D7%99%D7%94%D7%95%D7%90_%D7%91%D7%9F_%D7%91%D7%A8%D7%9B%D7%90%D7%9C,Q471388,Barachel / ברכאל,,,16c BCE,,16c BCE,
Biblical,Elijah,אליהו,https://en.wikipedia.org/wiki/Elijah,https://he.wikipedia.org/wiki/%D7%90%D7%9C%D7%99%D7%94%D7%95,Q133507,,Ahijah the Shilonite / אחיה השילוני,Elisha / אלישע,904 BCE,Tishbe / תשב,850 BCE,Jericho / יריחו
Rishonim,Elijah ben Menahem HaZaken,אליהו הזקן,https://en.wikipedia.org/wiki/Elijah_ben_Menahem_HaZaken,https://he.wikipedia.org/wiki/%D7%90%D7%9C%D7%99%D7%94%D7%95_%D7%94%D7%96%D7%A7%D7%9F,Q6630822,Menahem / מנחם,Gershom ben Judah / רבנו גרשום,,0980,,1060,
Biblical,Elimelech,אלימלך,https://en.wikipedia.org/wiki/Elimelech,https://he.wikipedia.org/wiki/%D7%90%D7%9C%D7%99%D7%9E%D7%9C%D7%9A,Q363660,Nahshon / נחשון בן עמינדב,,,,,,
Biblical,Elisha,אלישע,https://en.wikipedia.org/wiki/Elisha,https://he.wikipedia.org/wiki/%D7%90%D7%9C%D7%99%D7%A9%D7%A2,Q206238,Shaphat / שפט,Elijah / אליהו,,885 BCE,Abel-meholah / אבל מחולה,790 BCE,Samaria / השומרון
Tannaim,Elisha ben Abuyah,אלישע בן אבויה,https://en.wikipedia.org/wiki/Elisha_ben_Abuyah,https://he.wikipedia.org/wiki/%D7%90%D7%9C%D7%99%D7%A9%D7%A2_%D7%91%D7%9F_%D7%90%D7%91%D7%95%D7%99%D7%94,Q542710,,,Rabbi Meir / רבי מאיר,0070,Jerusalem / ירושלים,0135,Ancient Rome / רומא העתיקה
Biblical,Elisheba,אלישבע בת עמינדב,https://en.wikipedia.org/wiki/Elisheba,https://he.wikipedia.org/wiki/%D7%90%D7%9C%D7%99%D7%A9%D7%91%D7%A2_%D7%91%D7%AA_%D7%A2%D7%9E%D7%99%D7%A0%D7%93%D7%91,Q2916801,Amminadab / עמינדב,,,,,,
Tannaim,Eliyahueyni ben HaKof,אליהועיני בן הקוף,https://en.wikipedia.org/wiki/Eliyahueyni_ben_HaKof,https://he.wikipedia.org/wiki/%D7%90%D7%9C%D7%99%D7%94%D7%95%D7%A2%D7%99%D7%A0%D7%99_%D7%91%D7%9F_%D7%94%D7%A7%D7%95%D7%A3,Q20606180,,,,,,,
Biblical,Elkanah,אלקנה,https://en.wikipedia.org/wiki/Elkanah,https://he.wikipedia.org/wiki/%D7%90%D7%9C%D7%A7%D7%A0%D7%94_%28%D7%93%D7%9E%D7%95%D7%AA_%D7%9E%D7%A7%D7%A8%D7%90%D7%99%D7%AA%29,Q2424977,Jeroham / ירחם,,,,,,
Biblical,Elon,אילון הזבולוני,https://en.wikipedia.org/wiki/Elon_%28Judges%29,https://he.wikipedia.org/wiki/%D7%90%D7%99%D7%9C%D7%95%D7%9F_%D7%94%D7%96%D7%91%D7%95%D7%9C%D7%95%D7%A0%D7%99,Q1333225,,,,,,,
Biblical,Elzaphan,אליצפן בן עוזיאל,https://en.wikipedia.org/wiki/Elzaphan,https://he.wikipedia.org/wiki/%D7%90%D7%9C%D7%99%D7%A6%D7%A4%D7%9F_%D7%91%D7%9F_%D7%A2%D7%95%D7%96%D7%99%D7%90%D7%9C,Q6533529,Uzziel / עוזיאל,,,,,,
Tannaim,Epes the Southerner,רבי אפס,https://en.wikipedia.org/wiki/Epes_the_Southerner,https://he.wikipedia.org/wiki/%D7%A8%D7%91%D7%99_%D7%90%D7%A4%D7%A1,Q5382116,,,,,,,
Biblical,Ephraim,אפרים,https://en.wikipedia.org/wiki/Ephraim,https://he.wikipedia.org/wiki/%D7%90%D7%A4%D7%A8%D7%99%D7%9D,Q203251,Joseph / יוסף,,,,,,
Rishonim,Ephraim ben Samson,אפרים בן שמשון,https://en.wikipedia.org/wiki/Ephraim_ben_Samson,,Q110235689,,,,,,,
Biblical,Ephrath,אפרת,https://en.wikipedia.org/wiki/Ephrath,,Q465025,,,,,,,
Biblical,Esther,אסתר,https://en.wikipedia.org/wiki/Esther,https://he.wikipedia.org/wiki/%D7%90%D7%A1%D7%AA%D7%A8,Q732413,Abihail / אביחיל,,,6c BCE,Achaemenid Empire / הממלכה האחמנית,5c BCE,Achaemenid Empire / הממלכה האחמנית
Biblical,Ethan,איתן האזרחי,https://en.wikipedia.org/wiki/Ethan_%28biblical_figure%29,https://he.wikipedia.org/wiki/%D7%90%D7%99%D7%AA%D7%9F_%D7%94%D7%90%D7%96%D7%A8%D7%97%D7%99,Q1370913,,,,,,,
Biblical,Ethni,אתני בן זרח,https://en.wikipedia.org/wiki/Ethni,,Q5404150,Zerah / זרח בן עדיה,,,,,,
Tannaim,Eurydemus ben Jose,Eurydemus ben Jose,https://en.wikipedia.org/wiki/Eurydemus_ben_Jose,,Q113349125,,,,,,,
Biblical,Eve,חוה,https://en.wikipedia.org/wiki/Eve,https://he.wikipedia.org/wiki/%D7%97%D7%95%D7%94,Q830183,,,,3760 BCE,Garden of Eden / גן עדן,,
Geonim; Rishonim,"Evyatar ben Eliyahu, Ha-Kohen",רב אביתר גאון,https://en.wikipedia.org/wiki/Abiathar_ben_Elijah_ha-Cohen,https://he.wikipedia.org/wiki/%D7%A8%D7%91%D7%99_%D7%90%D7%91%D7%99%D7%AA%D7%A8_%D7%92%D7%90%D7%95%D7%9F,Q7058741,,,,1042; 1040,Jund al-Urdunn / ג'ונד אל אורדון,1112; 1109,Kingdom of Jerusalem / ממלכת ירושלים
Biblical,Ezekiel,יחזקאל,https://en.wikipedia.org/wiki/Ezekiel,https://he.wikipedia.org/wiki/%D7%99%D7%97%D7%96%D7%A7%D7%90%D7%9C,Q194064,,,,621 BCE,Jerusalem / ירושלים,571 BCE,Babylon / בבל
Biblical,Ezra,עזרא הסופר,https://en.wikipedia.org/wiki/Ezra,https://he.wikipedia.org/wiki/%D7%A2%D7%96%D7%A8%D7%90_%D7%94%D7%A1%D7%95%D7%A4%D7%A8,Q191787,Seraiah / שריה,Baruch ben Neriah / ברוך בן נריה,Simeon the Just / שמעון הצדיק,,Babylon / בבל,,Judea / יהודה
Geonim; Rishonim,Ezra ben Abraham,Ezra ben Abraham,https://en.wikipedia.org/wiki/Ezra_ben_Abraham,,Q119805632,,,,,,,
Geonim,Ezrun,Ezrun,https://en.wikipedia.org/wiki/Ezrun,,Q118868628,,,,,,,
Biblical,Gaal,געל בן עבד,https://en.wikipedia.org/wiki/Gaal_%28biblical_figure%29,https://he.wikipedia.org/wiki/%D7%92%D7%A2%D7%9C_%D7%91%D7%9F_%D7%A2%D7%91%D7%93,Q10287821,Ebed,,,,,,
Biblical,Gabriel,גבריאל,https://en.wikipedia.org/wiki/Gabriel,https://he.wikipedia.org/wiki/%D7%92%D7%91%D7%A8%D7%99%D7%90%D7%9C,Q81989,,,,,,,
Biblical,Gad,גד,https://en.wikipedia.org/wiki/Gad_%28son_of_Jacob%29,https://he.wikipedia.org/wiki/%D7%92%D7%93,Q851749,Jacob / יעקב,,,1564 BCE,,1439 BCE,
Biblical,Gad,גד החוזה,https://en.wikipedia.org/wiki/Gad_%28prophet%29,https://he.wikipedia.org/wiki/%D7%92%D7%93_%D7%94%D7%97%D7%95%D7%96%D7%94,Q2559051,,,,,,,
Tannaim,Gamaliel,רבן גמליאל הזקן,https://en.wikipedia.org/wiki/Gamaliel,https://he.wikipedia.org/wiki/%D7%A8%D7%91%D7%9F_%D7%92%D7%9E%D7%9C%D7%99%D7%90%D7%9C_%D7%94%D7%96%D7%A7%D7%9F,Q310584,Simeon ben Hillel / שמעון בן הלל,Simeon ben Hillel / שמעון בן הלל,Simeon ben Gamliel / רבן שמעון בן גמליאל הזקן,1c BCE,,0052; 0050,Judaea / פרובינקיה יודיאה
Tannaim,Gamaliel II,רבן גמליאל דיבנה,https://en.wikipedia.org/wiki/Gamaliel_II,https://he.wikipedia.org/wiki/%D7%A8%D7%91%D7%9F_%D7%92%D7%9E%D7%9C%D7%99%D7%90%D7%9C_%D7%93%D7%99%D7%91%D7%A0%D7%94,Q1492866,Simeon ben Gamliel / רבן שמעון בן גמליאל הזקן,Simeon ben Gamliel / רבן שמעון בן גמליאל הזקן,Simeon ben Gamliel II / רבן שמעון בן גמליאל,1c,Jerusalem / ירושלים,0114,Lod / לוד
Tannaim,Gamaliel III,רבן גמליאל ברבי,https://en.wikipedia.org/wiki/Gamaliel_III,https://he.wikipedia.org/wiki/%D7%A8%D7%91%D7%9F_%D7%92%D7%9E%D7%9C%D7%99%D7%90%D7%9C_%D7%91%D7%A8%D7%91%D7%99,Q357157,Judah ha-Nasi / רבי יהודה הנשיא,,,3c,Syria Palaestina / סוריה פלשתינה,0235,Syria Palaestina / סוריה פלשתינה
Biblical,Gareb,גרב,https://en.wikipedia.org/wiki/Garev,,Q5522744,,,,,,,
Biblical,Gedaliah,גדליהו בן אחיקם,https://en.wikipedia.org/wiki/Gedaliah,https://he.wikipedia.org/wiki/%D7%92%D7%93%D7%9C%D7%99%D7%94%D7%95_%D7%91%D7%9F_%D7%90%D7%97%D7%99%D7%A7%D7%9D,Q1497453,Ahikam / אחיקם,,,,,6c BCE,
Biblical,Gedaliah son of Pashhur,גדליהו בן פשחור,https://en.wikipedia.org/wiki/Gedaliah%2C_son_of_Pashhur,https://he.wikipedia.org/wiki/%D7%92%D7%93%D7%9C%D7%99%D7%94%D7%95_%D7%91%D7%9F_%D7%A4%D7%A9%D7%97%D7%95%D7%A8,Q5529646,,,,,,,
Biblical,Gehazi,גיחזי,https://en.wikipedia.org/wiki/Gehazi,https://he.wikipedia.org/wiki/%D7%92%D7%99%D7%97%D7%96%D7%99,Q977435,,,,,,,
Biblical,Gershom,גרשום,https://en.wikipedia.org/wiki/Gershom,https://he.wikipedia.org/wiki/%D7%92%D7%A8%D7%A9%D7%95%D7%9D_%28%D7%93%D7%9E%D7%95%D7%AA_%D7%9E%D7%A7%D7%A8%D7%90%D7%99%D7%AA%29,Q1514983,Moses / משה,,,,,,
Biblical,Gershon,גרשון,https://en.wikipedia.org/wiki/Gershon,https://he.wikipedia.org/wiki/%D7%92%D7%A8%D7%A9%D7%95%D7%9F,Q2915121,Levi / לוי,,,,,,
Medieval Jewish,Gersonides,"רלב""ג",https://en.wikipedia.org/wiki/Gersonides,https://he.wikipedia.org/wiki/%D7%A8%D7%9C%D7%91%22%D7%92,Q353633,Gerson ben Solomon Catalan / גרשון בן שלמה,,,1288,Bagnols-sur-Cèze / באניול-סור-סז,1344-04-20,Perpignan / פרפיניאן; Avignon / אביניון
Biblical,Gether,גתר,https://en.wikipedia.org/wiki/Gether,https://he.wikipedia.org/wiki/%D7%92%D7%AA%D7%A8,Q2910407,Aram / ארם,,,,,,
Biblical,Gideon,גדעון בן יואש,https://en.wikipedia.org/wiki/Gideon,https://he.wikipedia.org/wiki/%D7%92%D7%93%D7%A2%D7%95%D7%9F_%D7%91%D7%9F_%D7%99%D7%95%D7%90%D7%A9,Q176125,Joash / יואש,,,1252 BCE,Ophrah / עפרה,1152 BCE,Ophrah / עפרה
Biblical,Gilead,הגלעד,https://en.wikipedia.org/wiki/Gilead,https://he.wikipedia.org/wiki/%D7%94%D7%92%D7%9C%D7%A2%D7%93,Q922498,,,,,,,
Biblical,Gog and Magog,מלחמת גוג ומגוג,https://en.wikipedia.org/wiki/Gog_and_Magog,https://he.wikipedia.org/wiki/%D7%9E%D7%9C%D7%97%D7%9E%D7%AA_%D7%92%D7%95%D7%92_%D7%95%D7%9E%D7%92%D7%95%D7%92,Q629060,,,,,,,
Biblical,Gomer,גומר בת דבליים,https://en.wikipedia.org/wiki/Gomer_%28wife_of_Hosea%29,https://he.wikipedia.org/wiki/%D7%92%D7%95%D7%9E%D7%A8_%D7%91%D7%AA_%D7%93%D7%91%D7%9C%D7%99%D7%99%D7%9D,Q5581166,Diblaim,,,,,,
Biblical,Habakkuk,חבקוק,https://en.wikipedia.org/wiki/Habakkuk,https://he.wikipedia.org/wiki/%D7%97%D7%91%D7%A7%D7%95%D7%A7,Q135106,,Nahum / נחום,Zephaniah / צפניה בן כושי,626 BCE,,6c BCE,Judea / יהודה
Biblical,Hachaliah,חכליה,https://en.wikipedia.org/wiki/Hachaliah,,Q5637034,,,,,,,
Biblical,Haggai,חגי,https://en.wikipedia.org/wiki/Haggai,https://he.wikipedia.org/wiki/%D7%97%D7%92%D7%99,Q1613144,,,,6c BCE,,,
Geonim,Hai Gaon,רב האי גאון,https://en.wikipedia.org/wiki/Hai_ben_Sherira,https://he.wikipedia.org/wiki/%D7%A8%D7%91_%D7%94%D7%90%D7%99_%D7%92%D7%90%D7%95%D7%9F,Q982194,Sherira Gaon / רב שרירא גאון,,Samuel ibn Naghrillah / שמואל הנגיד,0939,,1038-03-28; 1038; 1038,
Tannaim,Halafta,רבי חלפתא,https://en.wikipedia.org/wiki/Halafta,https://he.wikipedia.org/wiki/%D7%A8%D7%91%D7%99_%D7%97%D7%9C%D7%A4%D7%AA%D7%90,Q2897331,,,,2c,Sepphoris / ציפורי,2c,
Tannaim,Hama bar Bisa,רבי חמא בר ביסא,https://en.wikipedia.org/wiki/Hama_bar_Bisa,https://he.wikipedia.org/wiki/%D7%A8%D7%91%D7%99_%D7%97%D7%9E%D7%90_%D7%91%D7%A8_%D7%91%D7%99%D7%A1%D7%90,Q112229365,,,,,,,
Tannaim,Hamnuna Saba,רב המנונא סבא,https://en.wikipedia.org/wiki/Hamnuna_Saba,https://he.wikipedia.org/wiki/%D7%A8%D7%91_%D7%94%D7%9E%D7%A0%D7%95%D7%A0%D7%90_%D7%A1%D7%91%D7%90_%28%D7%90%D7%9E%D7%95%D7%A8%D7%90%29,Q100154111,,Abba Arika / רב; Adda bar Ahavah / רב אדא בר אהבה; Rav Itzhak Bar Ashian / רב יצחק בר אשיאן,Rabbah b. Shela / רבה בר רב שילא,,,,
Biblical,Hanamel,חנמאל בן שלום,,https://he.wikipedia.org/wiki/%D7%97%D7%A0%D7%9E%D7%90%D7%9C_%D7%91%D7%9F_%D7%A9%D7%9C%D7%95%D7%9D,Q11689901,Shallum,,,6c BCE,,,
Geonim,Hanan of Iskiya,חנן מאישקיא,https://en.wikipedia.org/wiki/Hanan_of_Iskiya,https://he.wikipedia.org/wiki/%D7%97%D7%A0%D7%9F_%D7%9E%D7%90%D7%99%D7%A9%D7%A7%D7%99%D7%90,Q2902764,,,,,Babylon / בבל,,
Tannaim,Hanan the Egyptian,חנן המצרי,https://en.wikipedia.org/wiki/Hanan_the_Egyptian,https://he.wikipedia.org/wiki/%D7%97%D7%A0%D7%9F_%D7%94%D7%9E%D7%A6%D7%A8%D7%99,Q2892486,,,,2c,Alexandria / אלכסנדריה,,
Biblical,Hanani,חנני הרואה,https://en.wikipedia.org/wiki/Hanani,,Q5646913,,,,,,,
Biblical,Hanani,חנני,,https://he.wikipedia.org/wiki/%D7%97%D7%A0%D7%A0%D7%99_%D7%94%D7%A8%D7%95%D7%90%D7%94,Q10293838,,,,9c BCE,,9c BCE,
Biblical,Hananiah,חנניה בן עזור,,https://he.wikipedia.org/wiki/%D7%97%D7%A0%D7%A0%D7%99%D7%94_%D7%91%D7%9F_%D7%A2%D7%96%D7%95%D7%A8,Q6644516,Azzur (book of Jeremiah),,,,,,
Tannaim,Hananiah b. Hezekiah b. Garon,חנניה בן חזקיה,https://en.wikipedia.org/wiki/Hananiah_ben_Hezekiah_ben_Garon,https://he.wikipedia.org/wiki/%D7%97%D7%A0%D7%A0%D7%99%D7%94_%D7%91%D7%9F_%D7%97%D7%96%D7%A7%D7%99%D7%94,Q2069730,,,,,Mesopotamia / מסופוטמיה,,Israel / ישראל
Tannaim,Hananiah ben Akavia,רבי חנניא בן עקביא,https://en.wikipedia.org/wiki/Hananiah_ben_Akavia,https://he.wikipedia.org/wiki/%D7%A8%D7%91%D7%99_%D7%97%D7%A0%D7%A0%D7%99%D7%90_%D7%91%D7%9F_%D7%A2%D7%A7%D7%91%D7%99%D7%90,Q6931352,,,,,,,
Amoraim; Tannaim,Hanina bar Hama,רבי חנינא בר חמא,https://en.wikipedia.org/wiki/Hanina_bar_Hama,https://he.wikipedia.org/wiki/%D7%A8%D7%91%D7%99_%D7%97%D7%A0%D7%99%D7%A0%D7%90_%D7%91%D7%A8_%D7%97%D7%9E%D7%90,Q1062209,,,Johanan bar Nappaha / רבי יוחנן,0200,Babylon / בבל,0250,Syria Palaestina / סוריה פלשתינה
Tannaim,Hanina ben Antigonus,רבי חנינא בן אנטיגנוס,https://en.wikipedia.org/wiki/Hanina_ben_Antigonus,https://he.wikipedia.org/wiki/%D7%A8%D7%91%D7%99_%D7%97%D7%A0%D7%99%D7%A0%D7%90_%D7%91%D7%9F_%D7%90%D7%A0%D7%98%D7%99%D7%92%D7%A0%D7%95%D7%A1,Q2070213,,,,2c,Rome / רומא,,
Tannaim,Hanina ben Dosa,רבי חנינא בן דוסא,https://en.wikipedia.org/wiki/Hanina_ben_Dosa,https://he.wikipedia.org/wiki/%D7%A8%D7%91%D7%99_%D7%97%D7%A0%D7%99%D7%A0%D7%90_%D7%91%D7%9F_%D7%93%D7%95%D7%A1%D7%90,Q568935,,Johanan ben Zakai / רבן יוחנן בן זכאי,,1c,Israel / ישראל,1c,Judaea / פרובינקיה יודיאה
Tannaim,Hanina ben Gamaliel,רבי חנינא בן גמליאל,,https://he.wikipedia.org/wiki/%D7%A8%D7%91%D7%99_%D7%97%D7%A0%D7%99%D7%A0%D7%90_%D7%91%D7%9F_%D7%92%D7%9E%D7%9C%D7%99%D7%90%D7%9C,Q20608162,Gamaliel II / רבן גמליאל דיבנה,,,,,,
Tannaim,Hanina ben Hakinai,רבי חנינא בן חכינאי,https://en.wikipedia.org/wiki/Hanina_ben_Hakinai,https://he.wikipedia.org/wiki/%D7%A8%D7%91%D7%99_%D7%97%D7%A0%D7%A0%D7%99%D7%94_%D7%91%D7%9F_%D7%97%D7%9B%D7%99%D7%A0%D7%90%D7%99,Q2070205,,,,2c,Judaea / פרובינקיה יודיאה,,
Tannaim,Hanina Segan ha-Kohanim,רבי חנינא סגן הכהנים,https://en.wikipedia.org/wiki/Hanina_Segan_ha-Kohanim,https://he.wikipedia.org/wiki/%D7%A8%D7%91%D7%99_%D7%97%D7%A0%D7%99%D7%A0%D7%90_%D7%A1%D7%92%D7%9F_%D7%94%D7%9B%D7%94%D7%A0%D7%99%D7%9D,Q578079,,,,1c BCE,Israel / ישראל,1c,
Tannaim,Haninah,חנניה בן אחי רבי יהושע,https://en.wikipedia.org/wiki/Haninah_ben_Ahi_R._Joshua,https://he.wikipedia.org/wiki/%D7%97%D7%A0%D7%A0%D7%99%D7%94_%D7%91%D7%9F_%D7%90%D7%97%D7%99_%D7%A8%D7%91%D7%99_%D7%99%D7%94%D7%95%D7%A9%D7%A2,Q1061616,,,,,Land of Israel / ארץ ישראל,2c,Babylon / בבל
Tannaim,Haninah ben Teradion,רבי חנינא בן תרדיון,https://en.wikipedia.org/wiki/Haninah_ben_Teradion,https://he.wikipedia.org/wiki/%D7%A8%D7%91%D7%99_%D7%97%D7%A0%D7%A0%D7%99%D7%94_%D7%91%D7%9F_%D7%AA%D7%A8%D7%93%D7%99%D7%95%D7%9F,Q982179,,,,1c,Israel / ישראל,2c,Syria Palaestina / סוריה פלשתינה
Geonim,Haninai Kahana ben R. Huna,חנינאי כהנא בן הונא גאון,https://en.wikipedia.org/wiki/Haninai_Kahana_ben_R._Huna,https://he.wikipedia.org/wiki/%D7%97%D7%A0%D7%99%D7%A0%D7%90%D7%99_%D7%9B%D7%94%D7%A0%D7%90_%D7%91%D7%9F_%D7%94%D7%95%D7%A0%D7%90_%D7%92%D7%90%D7%95%D7%9F,Q6633921,,,,,,,
Biblical,Hannah,חנה,https://en.wikipedia.org/wiki/Hannah_%28biblical_figure%29,https://he.wikipedia.org/wiki/%D7%97%D7%A0%D7%94,Q2346367,,,,12c BCE,,11c BCE,
Tannaim,Har Hillel,הר הלל,,https://he.wikipedia.org/wiki/%D7%94%D7%A8_%D7%94%D7%9C%D7%9C,Q7211344,,,,,,,
Medieval Jewish,Hasdai Crescas,חסדאי קרשקש,https://en.wikipedia.org/wiki/Hasdai_Crescas,https://he.wikipedia.org/wiki/%D7%97%D7%A1%D7%93%D7%90%D7%99_%D7%A7%D7%A8%D7%A9%D7%A7%D7%A9,Q528415,,"Nissim of Gerona / ר""ן; Jonah de Maistre / יונה דיסמאשתרי","Isaac ben Sheshet / ריב""ש; Joseph Albo / יוסף אלבו; Abraham ben Judah Leon; Joseph ibn Habib / יוסף חביבא; Zerachja ben Jicchak / זרחיה הלוי סלדין",1340,Barcelona / ברצלונה,1410; 1412,Zaragoza / סרגוסה
Biblical,Hazarmaveth,חצרמות,https://en.wikipedia.org/wiki/Hazarmaveth,https://he.wikipedia.org/wiki/%D7%97%D7%A6%D7%A8%D7%9E%D7%95%D7%AA_%28%D7%93%D7%9E%D7%95%D7%AA_%D7%9E%D7%A7%D7%A8%D7%90%D7%99%D7%AA%29,Q2905463,Joktan / יקטן,,,,,,
Biblical,Hazelelponi,הצללפוני,https://en.wikipedia.org/wiki/Hazzelelponi,https://he.wikipedia.org/wiki/%D7%94%D7%A6%D7%9C%D7%9C%D7%A4%D7%95%D7%A0%D7%99,Q5688071,,,,,,,
Rishonim,Haïm ben Hananel haCohen,חיים כהן,https://en.wikipedia.org/wiki/Haim_ben_Hananel_HaCohen,https://he.wikipedia.org/wiki/%D7%97%D7%99%D7%99%D7%9D_%D7%9B%D7%94%D7%9F_%28%D7%9E%D7%91%D7%A2%D7%9C%D7%99_%D7%94%D7%AA%D7%95%D7%A1%D7%A4%D7%95%D7%AA%29,Q3128926,,,,,,,
Biblical,Heber the Kenite,חבר הקיני,https://en.wikipedia.org/wiki/Heber_the_Kenite,https://he.wikipedia.org/wiki/%D7%97%D7%91%D7%A8_%D7%94%D7%A7%D7%99%D7%A0%D7%99,Q13365793,,,,,,,
Geonim,Hefetz Gaon,חפץ בן יצליח,,https://he.wikipedia.org/wiki/%D7%97%D7%A4%D7%A5_%D7%91%D7%9F_%D7%99%D7%A6%D7%9C%D7%99%D7%97,Q79227292,,,,0950,,1000,
Amoraim,Helbo,רבי חלבו,https://en.wikipedia.org/wiki/Helbo,https://he.wikipedia.org/wiki/%D7%A8%D7%91%D7%99_%D7%97%D7%9C%D7%91%D7%95,Q1069053,,,Berechja,3c,,4c,
Biblical,Heman the Ezrahite,הימן האזרחי,https://en.wikipedia.org/wiki/Heman_the_Ezrahite,https://he.wikipedia.org/wiki/%D7%94%D7%99%D7%9E%D7%9F_%28%D7%93%D7%9E%D7%95%D7%AA_%D7%9E%D7%A7%D7%A8%D7%90%D7%99%D7%AA%29,Q3307159,,,,,,,
Biblical,Hephzibah,חפצי-בה,https://en.wikipedia.org/wiki/Hephzibah,https://he.wikipedia.org/wiki/%D7%97%D7%A4%D7%A6%D7%99-%D7%91%D7%94,Q114771167,,,,,,,
Biblical,Herod the Great,הורדוס,https://en.wikipedia.org/wiki/Herod_the_Great,https://he.wikipedia.org/wiki/%D7%94%D7%95%D7%A8%D7%93%D7%95%D7%A1,Q51672,Antipater the Idumaean / אנטיפטרוס האדומי,,,74 BCE,Edom / אדום,4 BCE,Jericho / יריחו
Biblical kings,Hezekiah,חזקיהו,https://en.wikipedia.org/wiki/Hezekiah,https://he.wikipedia.org/wiki/%D7%97%D7%96%D7%A7%D7%99%D7%94%D7%95,Q244912,Ahaz / אחז,,,741 BCE,Jerusalem / ירושלים,686 BCE,Jerusalem / ירושלים
Tannaim,Hezekiah,חזקיה בן רבי חייא,https://en.wikipedia.org/wiki/Hezekiah_%28Amora%29,https://he.wikipedia.org/wiki/%D7%97%D7%96%D7%A7%D7%99%D7%94_%D7%91%D7%9F_%D7%A8%D7%91%D7%99_%D7%97%D7%99%D7%99%D7%90,Q5749989,Hiyya the Great / רבי חייא,,,,,,
Geonim,Hezekiah Gaon,חזקיה בן דוד,https://en.wikipedia.org/wiki/Hezekiah_ben_David,https://he.wikipedia.org/wiki/%D7%97%D7%96%D7%A7%D7%99%D7%94_%D7%91%D7%9F_%D7%93%D7%95%D7%93,Q3138729,,,,,,1040,
Biblical,Hezion,חזיון (מלך),https://en.wikipedia.org/wiki/Hezion,,Q5750060,,,,,,,
Biblical,Hezron,חצרון,https://en.wikipedia.org/wiki/Hezron,https://he.wikipedia.org/wiki/%D7%97%D7%A6%D7%A8%D7%95%D7%9F,Q6460268,,,,,,,
Biblical,Hilkiah,חלקיהו בן שלום,https://en.wikipedia.org/wiki/Hilkiah,https://he.wikipedia.org/wiki/%D7%97%D7%9C%D7%A7%D7%99%D7%94%D7%95_%D7%91%D7%9F_%D7%A9%D7%9C%D7%95%D7%9D,Q3276278,Shallum / שלום,,,,,,
Tannaim,Hillel and Shammai,בית הלל ובית שמאי,https://en.wikipedia.org/wiki/Houses_of_Hillel_and_Shammai,https://he.wikipedia.org/wiki/%D7%91%D7%99%D7%AA_%D7%94%D7%9C%D7%9C_%D7%95%D7%91%D7%99%D7%AA_%D7%A9%D7%9E%D7%90%D7%99,Q3710285,,,,,,,
Tannaim,Hillel International,ארגון הלל,https://en.wikipedia.org/wiki/Hillel_International,https://he.wikipedia.org/wiki/%D7%94%D7%9C%D7%9C_%28%D7%90%D7%A8%D7%92%D7%95%D7%9F%29,Q119945,,,,,,,
Tannaim,Hillel Street,רחוב הלל,https://en.wikipedia.org/wiki/Hillel_Street,https://he.wikipedia.org/wiki/%D7%A8%D7%97%D7%95%D7%91_%D7%94%D7%9C%D7%9C,Q2905224,,,,,,,
Tannaim,Hillel the Elder,הלל הזקן,https://en.wikipedia.org/wiki/Hillel_the_Elder,https://he.wikipedia.org/wiki/%D7%94%D7%9C%D7%9C_%D7%94%D7%96%D7%A7%D7%9F,Q319219,,Shmaya / שמעיה; Abtalion / אבטליון,Jonathan ben Uzziel / יונתן בן עוזיאל; Johanan ben Zakai / רבן יוחנן בן זכאי; Simeon ben Hillel / שמעון בן הלל; House of Hillel / בית הלל,50 BCE; 1c BCE,Babylonia / בבל; Babylon / בבל,0008; 1c,Jerusalem / ירושלים
Tannaim,"Hillel, son of Gamaliel III",רבי הלל,https://en.wikipedia.org/wiki/Hillel%2C_son_of_Gamaliel_III,https://he.wikipedia.org/wiki/%D7%94%D7%9C%D7%9C_%28%D7%91%D7%9F_%D7%92%D7%9E%D7%9C%D7%99%D7%90%D7%9C%29,Q16156905,Gamaliel III / רבן גמליאל ברבי,,,1000,,3c,
Tannaim,Hillula of Rabbi Shimon bar Yochai,הילולת רבי שמעון בר יוחאי,https://en.wikipedia.org/wiki/Hillula_of_Rabbi_Shimon_bar_Yochai,https://he.wikipedia.org/wiki/%D7%94%D7%99%D7%9C%D7%95%D7%9C%D7%AA_%D7%A8%D7%91%D7%99_%D7%A9%D7%9E%D7%A2%D7%95%D7%9F_%D7%91%D7%A8_%D7%99%D7%95%D7%97%D7%90%D7%99,Q18191653,,,,,,,
Amoraim,Hiyya bar Abba,רבי חייא בר אבא,https://en.wikipedia.org/wiki/Hiyya_bar_Abba,https://he.wikipedia.org/wiki/%D7%A8%D7%91%D7%99_%D7%97%D7%99%D7%99%D7%90_%D7%91%D7%A8_%D7%90%D7%91%D7%90,Q1072589,,,,0200,Babylonia / בבל,,
Tannaim,Hiyya the Great,רבי חייא,https://en.wikipedia.org/wiki/Hiyya_the_Great,https://he.wikipedia.org/wiki/%D7%A8%D7%91%D7%99_%D7%97%D7%99%D7%99%D7%90,Q2904193,Abba bar Acha bar Sallah of Kafri / אבא בר אחא בר סלא מכפרי,,Abba Arika / רב,0180,Babylon / בבל,0230,
Tannaim,Honi ha-M'agel,חוני המעגל,https://en.wikipedia.org/wiki/Honi_HaMe%27agel,https://he.wikipedia.org/wiki/%D7%97%D7%95%D7%A0%D7%99_%D7%94%D7%9E%D7%A2%D7%92%D7%9C,Q2553579,,,,1c BCE,,63 BCE,Jerusalem / ירושלים
Biblical,Hosea,הושע בן בארי,https://en.wikipedia.org/wiki/Hosea,https://he.wikipedia.org/wiki/%D7%94%D7%95%D7%A9%D7%A2_%D7%91%D7%9F_%D7%91%D7%90%D7%A8%D7%99,Q665541,Beeri / בארי (דמות מקראית),Zechariah ben Jehoiada / זכריה בן יהוידע,Amos / עָמוֹס,784 BCE,Kingdom of Israel / ממלכת ישראל המאוחדת,,Safed / צפת
Amoraim,Hoshaiah,רב אושעיא,https://en.wikipedia.org/wiki/Hoshaiah_II,https://he.wikipedia.org/wiki/%D7%A8%D7%91_%D7%90%D7%95%D7%A9%D7%A2%D7%99%D7%90,Q5907959,,,,,Babylon / בבל,0350,Palestine / ארץ ישראל
Amoraim; Tannaim,Hoshaiah Rabbah,רבי אושעיא,https://en.wikipedia.org/wiki/Hoshaiah_Rabbah,https://he.wikipedia.org/wiki/%D7%A8%D7%91%D7%99_%D7%90%D7%95%D7%A9%D7%A2%D7%99%D7%90,Q1630319,,,,3c,,3c,
Biblical kings,Hoshea,הושע בן אלה,https://en.wikipedia.org/wiki/Hoshea,https://he.wikipedia.org/wiki/%D7%94%D7%95%D7%A9%D7%A2_%D7%91%D7%9F_%D7%90%D7%9C%D7%94,Q319038,Elah,,,759 BCE,,723 BCE,
Biblical,Huldah,חולדה הנביאה,https://en.wikipedia.org/wiki/Huldah,https://he.wikipedia.org/wiki/%D7%97%D7%95%D7%9C%D7%93%D7%94_%D7%94%D7%A0%D7%91%D7%99%D7%90%D7%94,Q583207,,,,,,,
Tannaim,Huna Kamma,רב הונא קמא,https://en.wikipedia.org/wiki/Huna_Kamma,https://he.wikipedia.org/wiki/%D7%A8%D7%91_%D7%94%D7%95%D7%A0%D7%90_%D7%A7%D7%9E%D7%90,Q2902935,,,,2c,Babylon / בבל,,
Biblical,Hur,חור,https://en.wikipedia.org/wiki/Hur_%28Bible%29,https://he.wikipedia.org/wiki/%D7%97%D7%95%D7%A8_%28%D7%93%D7%9E%D7%95%D7%AA_%D7%9E%D7%A7%D7%A8%D7%90%D7%99%D7%AA%29,Q492665,Caleb / כלב,,,,,,
Biblical,Hushai,חושי הארכי,https://en.wikipedia.org/wiki/Hushai,https://he.wikipedia.org/wiki/%D7%97%D7%95%D7%A9%D7%99_%D7%94%D7%90%D7%A8%D7%9B%D7%99,Q5949258,,,,,,,
Tannaim,Hutzpit the Interpreter,רבי חוצפית המתורגמן,https://en.wikipedia.org/wiki/Hutzpit_the_Interpreter,https://he.wikipedia.org/wiki/%D7%A8%D7%91%D7%99_%D7%97%D7%95%D7%A6%D7%A4%D7%99%D7%AA_%D7%94%D7%9E%D7%AA%D7%95%D7%A8%D7%92%D7%9E%D7%9F,Q65082798,,,,,,,
Biblical,Ibzan,אבצן,https://en.wikipedia.org/wiki/Ibzan,https://he.wikipedia.org/wiki/%D7%90%D7%91%D7%A6%D7%9F,Q645796,,,,,Bethlehem of Galilee / בית לחם הגלילית,,Bethlehem of Galilee / בית לחם הגלילית
Biblical,Ichabod,אִיכָבוֹד,https://en.wikipedia.org/wiki/Ichabod,https://he.wikipedia.org/wiki/%D7%90%D7%99_%D7%9B%D7%91%D7%95%D7%93,Q4205417,Phinehas / פינחס בן עלי,,,,,,
Biblical,Iddo,עדו הנביא,https://en.wikipedia.org/wiki/Iddo_%28prophet%29,https://he.wikipedia.org/wiki/%D7%A2%D7%93%D7%95_%D7%94%D7%A0%D7%91%D7%99%D7%90,Q3557296,,,,,,,
Tannaim,Ima Shalom,אימא שלום,https://en.wikipedia.org/wiki/Ima_Shalom,https://he.wikipedia.org/wiki/%D7%90%D7%99%D7%9E%D7%90_%D7%A9%D7%9C%D7%95%D7%9D,Q16157607,Simeon ben Gamliel / רבן שמעון בן גמליאל הזקן,,,1c,,,
Biblical,Immanuel,עמנו אל,https://en.wikipedia.org/wiki/Immanuel,https://he.wikipedia.org/wiki/%D7%A2%D7%9E%D7%A0%D7%95_%D7%90%D7%9C_%28%D7%93%D7%9E%D7%95%D7%AA_%D7%9E%D7%A7%D7%A8%D7%90%D7%99%D7%AA%29,Q4430779,,,,,,,
Biblical,Isaac,יצחק,https://en.wikipedia.org/wiki/Isaac,https://he.wikipedia.org/wiki/%D7%99%D7%A6%D7%97%D7%A7,Q671872,Abraham / אברהם,,,1851 BCE,Canaan / כנען,1533 BCE; 1671 BCE,Canaan / כנען
Geonim,Isaac,Isaac,https://en.wikipedia.org/wiki/Isaac_%28Gaon%29,,Q118874579,,,,,,,
Rishonim,Isaac Abrabanel,יצחק אברבנאל,https://en.wikipedia.org/wiki/Isaac_Abarbanel,https://he.wikipedia.org/wiki/%D7%99%D7%A6%D7%97%D7%A7_%D7%90%D7%91%D7%A8%D7%91%D7%A0%D7%90%D7%9C,Q319902,,,,1437,Lisbon / ליסבון,1508-09-23,Venice / ונציה
Rishonim,Isaac Alfasi,"רי""ף",https://en.wikipedia.org/wiki/Isaac_Alfasi,https://he.wikipedia.org/wiki/%D7%A8%D7%99%22%D7%A3,Q523491,,Nissim ben Jacob / רב ניסים גאון; Chananel ben Chushiel / חננאל בן חושיאל,"Joseph ibn Migash / ר""י מיגאש; Judah Halevi / יהודה הלוי",1013,Qal'at Bani Hammad / מצודת בני חמאד,1103; 1103-04-20; 1103-05-19; 1103,Lucena / לוסנה
Rishonim,Isaac ben Jacob ha-Lavan,יצחק הלבן,https://en.wikipedia.org/wiki/Isaac_ben_Jacob_ha-Lavan,https://he.wikipedia.org/wiki/%D7%99%D7%A6%D7%97%D7%A7_%D7%94%D7%9C%D7%91%D7%9F,Q6077403,,Rabbeinu Tam / רבנו תם; Isaac ben Asher ha-Levi / יצחק בן אשר הלוי,,1120,Prague / פראג; Regensburg / רגנסבורג,,
Rishonim,Isaac ben Meir Halevi of Düren,יצחק מדורא,https://en.wikipedia.org/wiki/Isaac_ben_Meir_Halevi_of_D%C3%BCren,https://he.wikipedia.org/wiki/%D7%99%D7%A6%D7%97%D7%A7_%D7%9E%D7%93%D7%95%D7%A8%D7%90,Q1405586,,,Alexander Suslin / אלכסנדרי זוסלין הכהן; Samson ben Zadok / שמשון בן צדוק,13c,,1300,
Rishonim,Isaac ben Mordecai of Regensburg,יצחק בן מרדכי,https://en.wikipedia.org/wiki/Isaac_ben_Mordecai_of_Regensburg,,Q1397374,,,,,,,
Rishonim,Isaac Hilo,יצחק חילו,https://en.wikipedia.org/wiki/Isaac_Chelo,https://he.wikipedia.org/wiki/%D7%99%D7%A6%D7%97%D7%A7_%D7%97%D7%99%D7%9C%D7%95,Q6076498,,,,,,,
Biblical,Isaiah,ישעיהו,https://en.wikipedia.org/wiki/Isaiah,https://he.wikipedia.org/wiki/%D7%99%D7%A9%D7%A2%D7%99%D7%94%D7%95,Q188794,Amoz / אמוץ,Amos / עָמוֹס,Micah / מיכה,766 BCE,Kingdom of Judah / ממלכת יהודה,686 BCE,
Biblical,Iscah,יסכה,https://en.wikipedia.org/wiki/Iscah,https://he.wikipedia.org/wiki/%D7%99%D7%A1%D7%9B%D7%94,Q6079192,Haran / הרן,,,,Mesopotamia / מסופוטמיה,,
Biblical; Biblical kings,Ish-bosheth,איש בושת,https://en.wikipedia.org/wiki/Ish-bosheth,https://he.wikipedia.org/wiki/%D7%90%D7%99%D7%A9_%D7%91%D7%95%D7%A9%D7%AA,Q313238,Saul / שאול,,,1050 BCE,,1010 BCE,
Tannaim,Ishmael ben Elisha ha-Kohen,ישמעאל בן אלישע כהן גדול,https://en.wikipedia.org/wiki/Ishmael_ben_Elisha_HaKohen,https://he.wikipedia.org/wiki/%D7%A8%D7%91%D7%99_%D7%99%D7%A9%D7%9E%D7%A2%D7%90%D7%9C_%D7%91%D7%9F_%D7%90%D7%9C%D7%99%D7%A9%D7%A2_%D7%9B%D7%94%D7%9F_%D7%92%D7%93%D7%95%D7%9C,Q2070152,,,,,,,Israel / ישראל
Tannaim,Ishmael ben Jose,רבי ישמעאל ברבי יוסי,https://en.wikipedia.org/wiki/Ishmael_ben_Jose,https://he.wikipedia.org/wiki/%D7%A8%D7%91%D7%99_%D7%99%D7%A9%D7%9E%D7%A2%D7%90%D7%9C_%D7%91%D7%A8%D7%91%D7%99_%D7%99%D7%95%D7%A1%D7%99,Q2902804,,,,,Israel / ישראל,,Syria Palaestina / סוריה פלשתינה
Biblical,Ishmael son of Nethaniah,ישמעאל בן נתניה,https://en.wikipedia.org/wiki/Ishmael_son_of_Nethaniah,https://he.wikipedia.org/wiki/%D7%99%D7%A9%D7%9E%D7%A2%D7%90%D7%9C_%D7%91%D7%9F_%D7%A0%D7%AA%D7%A0%D7%99%D7%94,Q2903835,Nethaniah,,,,,,
Biblical,Issachar,יששכר,https://en.wikipedia.org/wiki/Issachar,https://he.wikipedia.org/wiki/%D7%99%D7%A9%D7%A9%D7%9B%D7%A8,Q651256,Jacob / יעקב,,,,Paddan Aram / פדן ארם,,
Amoraim,Issachar de-Kfar Mandi,יששכר דכפר מנדי,,https://he.wikipedia.org/wiki/%D7%99%D7%A9%D7%A9%D7%9B%D7%A8_%D7%93%D7%9B%D7%A4%D7%A8_%D7%9E%D7%A0%D7%93%D7%99,Q125584539,,,,,Syria Palaestina / סוריה פלשתינה,,Syria Palaestina / סוריה פלשתינה
Tannaim,Issi ben Judah,איסי בן יהודה,https://en.wikipedia.org/wiki/Issi_ben_Judah,https://he.wikipedia.org/wiki/%D7%90%D7%99%D7%A1%D7%99_%D7%91%D7%9F_%D7%99%D7%94%D7%95%D7%93%D7%94,Q2905244,,Eleazar ben Shammua / רבי אלעזר בן שמוע,,2c,Babylon / בבל,1000,
Biblical,Ithamar,איתמר הכהן,https://en.wikipedia.org/wiki/Ithamar,https://he.wikipedia.org/wiki/%D7%90%D7%99%D7%AA%D7%9E%D7%A8_%D7%94%D7%9B%D7%94%D7%9F,Q1675214,Aaron / אהרן,,,,,,
Biblical,Ithiel,Ithiel,https://en.wikipedia.org/wiki/Ithiel,,Q22905935,,,,,,,
Biblical,Ittai the Gittite,איתי הגיתי,,https://he.wikipedia.org/wiki/%D7%90%D7%99%D7%AA%D7%99_%D7%94%D7%92%D7%99%D7%AA%D7%99,Q30527544,,,,,,,
Biblical,Jaakobah,Jaakobah,https://en.wikipedia.org/wiki/Jaakobah,,Q6109599,,,,,,,
Biblical,Jaazaniah,יאזניה,https://en.wikipedia.org/wiki/Jaazaniah,,Q17006080,,,,,,,
Biblical,Jabesh,יבש,https://en.wikipedia.org/wiki/Jabesh,,Q16947750,,,,,,,
Biblical,Jabez,יעבץ,https://en.wikipedia.org/wiki/Jabez_%28biblical_figure%29,https://he.wikipedia.org/wiki/%D7%99%D7%A2%D7%91%D7%A5_%28%D7%93%D7%9E%D7%95%D7%AA_%D7%9E%D7%A7%D7%A8%D7%90%D7%99%D7%AA%29,Q1676833,,,,,,,
Biblical,Jacob,יעקב,https://en.wikipedia.org/wiki/Jacob,https://he.wikipedia.org/wiki/%D7%99%D7%A2%D7%A7%D7%91,Q289957,Isaac / יצחק,,,1791 BCE,Canaan / כנען,1644 BCE,Ancient Egypt / מצרים העתיקה
Rishonim,Jacob ben Nathanael,Jacob ben Nathanael,https://en.wikipedia.org/wiki/Jacob_ben_Nathanael,,Q6119529,,,,,,,
Medieval Jewish; Rishonim,Jacob ben Reuben,יעקב בן ראובן,https://en.wikipedia.org/wiki/Jacob_ben_Reuben_%28Karaite%29,https://he.wikipedia.org/wiki/%D7%99%D7%A2%D7%A7%D7%91_%D7%91%D7%9F_%D7%A8%D7%90%D7%95%D7%91%D7%9F,Q6119539,,,,,,,
Rishonim,Jacob of Chinon,Jacob of Chinon,https://en.wikipedia.org/wiki/Jacob_of_Chinon,,Q96217230,,,,,,,
Geonim,Jacob of Nehar Pekod,יעקב הכהן מנהר פקוד,https://en.wikipedia.org/wiki/Jacob_of_Nehar_Pekod,https://he.wikipedia.org/wiki/%D7%99%D7%A2%D7%A7%D7%91_%D7%94%D7%9B%D7%94%D7%9F_%D7%9E%D7%A0%D7%94%D7%A8_%D7%A4%D7%A7%D7%95%D7%93,Q6545709,,,,,,,
Biblical,Jaddua,ידוע הכהן,https://en.wikipedia.org/wiki/Jaddua,https://he.wikipedia.org/wiki/%D7%99%D7%93%D7%95%D7%A2_%D7%94%D7%9B%D7%94%D7%9F,Q2723012,Johanan / יוחנן בן יוידע,,,,,,
Biblical,Jadon,Jadon,https://en.wikipedia.org/wiki/Jadon,,Q6121485,,,,,,,
Biblical,Jahaziel,Jahaziel,https://en.wikipedia.org/wiki/Jahaziel,,Q1966067,,,,,,,
Biblical,Jahdai,יהדי,https://en.wikipedia.org/wiki/Jahdai,,Q6123224,,,,,,,
Biblical,Jair,יאיר הגלעדי,https://en.wikipedia.org/wiki/Jair_%28biblical_figure%29,https://he.wikipedia.org/wiki/%D7%99%D7%90%D7%99%D7%A8_%D7%94%D7%92%D7%9C%D7%A2%D7%93%D7%99,Q1143157,,,,,Gilead / הגלעד,,
Biblical,Jair,יאיר בן מנשה,,https://he.wikipedia.org/wiki/%D7%99%D7%90%D7%99%D7%A8_%D7%91%D7%9F_%D7%9E%D7%A0%D7%A9%D7%94,Q110159933,Manasseh / מנשה,,,,,,
Biblical,Jashobeam,תחכמוני,https://en.wikipedia.org/wiki/Jashobeam,https://he.wikipedia.org/wiki/%D7%AA%D7%97%D7%9B%D7%9E%D7%95%D7%A0%D7%99_%28%D7%93%D7%9E%D7%95%D7%AA_%D7%9E%D7%A7%D7%A8%D7%90%D7%99%D7%AA%29,Q2903701,,,,,,,
Biblical; Biblical kings,Jeconiah,יהויכין,https://en.wikipedia.org/wiki/Jeconiah,https://he.wikipedia.org/wiki/%D7%99%D7%94%D7%95%D7%99%D7%9B%D7%99%D7%9F,Q319049,Jehoiakim / יהויקים,,,616 BCE,Jerusalem / ירושלים,597 BCE; 561 BCE,Babylon / בבל
Biblical,Jedaiah,ידעיה,https://en.wikipedia.org/wiki/Jedaiah,,Q6172657,,,,,,,
Biblical,Jeduthun,ידותון,https://en.wikipedia.org/wiki/Jeduthun,https://he.wikipedia.org/wiki/%D7%99%D7%93%D7%95%D7%AA%D7%95%D7%9F,Q3567244,,,,,,,
Biblical; Biblical kings,Jehoahaz,יהואחז,https://en.wikipedia.org/wiki/Jehoahaz_of_Judah,https://he.wikipedia.org/wiki/%D7%99%D7%94%D7%95%D7%90%D7%97%D7%96_%28%D7%9E%D7%9C%D7%9A_%D7%99%D7%94%D7%95%D7%93%D7%94%29,Q336832,Josiah / יאשיהו,,,633 BCE,Kingdom of Judah / ממלכת יהודה,609 BCE,Egypt / מצרים
Biblical kings,Jehoahaz,יואחז,https://en.wikipedia.org/wiki/Jehoahaz_of_Israel,https://he.wikipedia.org/wiki/%D7%99%D7%94%D7%95%D7%90%D7%97%D7%96_%28%D7%9E%D7%9C%D7%9A_%D7%99%D7%A9%D7%A8%D7%90%D7%9C%29,Q334729,Jehu / יהוא,,,9c BCE,,798 BCE,
Biblical; Biblical kings,Jehoash,יהואש,https://en.wikipedia.org/wiki/Jehoash_of_Judah,https://he.wikipedia.org/wiki/%D7%99%D7%94%D7%95%D7%90%D7%A9_%28%D7%9E%D7%9C%D7%9A_%D7%99%D7%94%D7%95%D7%93%D7%94%29,Q313229,Ahaziah / אחזיהו,,,842 BCE,Jerusalem / ירושלים,795 BCE,Kingdom of Judah / ממלכת יהודה
Biblical kings,Jehoash,יואש,https://en.wikipedia.org/wiki/Jehoash_of_Israel,https://he.wikipedia.org/wiki/%D7%99%D7%95%D7%90%D7%A9_%28%D7%9E%D7%9C%D7%9A_%D7%99%D7%A9%D7%A8%D7%90%D7%9C%29,Q334736,Jehoahaz / יואחז,,,9c BCE,,782 BCE,Sebastia / סבסטיה
Biblical,Jehoiada,יהוידע הכהן,https://en.wikipedia.org/wiki/Jehoiada,https://he.wikipedia.org/wiki/%D7%99%D7%94%D7%95%D7%99%D7%93%D7%A2_%D7%94%D7%9B%D7%94%D7%9F,Q2194240,,Elisha / אלישע,Zechariah ben Jehoiada / זכריה בן יהוידע,,,,
Biblical,Jehoiada II,יהוידע בן אלישיב הכהן,https://en.wikipedia.org/wiki/Joiada,,Q6268944,Eliashib / אלישיב בן יהויקים,,,,,,
Biblical; Biblical kings,Jehoiakim,יהויקים,https://en.wikipedia.org/wiki/Jehoiakim,https://he.wikipedia.org/wiki/%D7%99%D7%94%D7%95%D7%99%D7%A7%D7%99%D7%9D,Q319034,Josiah / יאשיהו,,,634 BCE,Jerusalem / ירושלים,598 BCE,Jerusalem / ירושלים
Biblical,Jehoiarib,יהויריב,https://en.wikipedia.org/wiki/Jehoiarib,https://he.wikipedia.org/wiki/%D7%99%D7%94%D7%95%D7%99%D7%A8%D7%99%D7%91,Q6176482,,,,,,,
Biblical,Jehonadab,יהונדב בן רכב,https://en.wikipedia.org/wiki/Jehonadab,https://he.wikipedia.org/wiki/%D7%99%D7%94%D7%95%D7%A0%D7%93%D7%91_%D7%91%D7%9F_%D7%A8%D7%9B%D7%91,Q6176487,Rechab / רכב,,,,,,
Biblical; Biblical kings,Jehoram,יורם,https://en.wikipedia.org/wiki/Jehoram_of_Israel,https://he.wikipedia.org/wiki/%D7%99%D7%95%D7%A8%D7%9D_%28%D7%9E%D7%9C%D7%9A_%D7%99%D7%A9%D7%A8%D7%90%D7%9C%29,Q334739,Ahab / אחאב,,,870 BCE,,841 BCE,Tel Jezreel / תל יזרעאל
Biblical kings,Jehoram,יהורם,https://en.wikipedia.org/wiki/Jehoram_of_Judah,https://he.wikipedia.org/wiki/%D7%99%D7%94%D7%95%D7%A8%D7%9D_%28%D7%9E%D7%9C%D7%9A_%D7%99%D7%94%D7%95%D7%93%D7%94%29,Q313215,Jehoshaphat / יהושפט,,,881 BCE,,842 BCE,
Biblical,Jehoshaphat,Jehoshaphat,https://en.wikipedia.org/wiki/Jehoshaphat_%28father_of_Jehu%29,,Q104536612,Nimshi,,,,,,
Biblical kings,Jehoshaphat,יהושפט,https://en.wikipedia.org/wiki/Jehoshaphat,https://he.wikipedia.org/wiki/%D7%99%D7%94%D7%95%D7%A9%D7%A4%D7%98,Q126689,Asa / אסא,,,905 BCE,,849 BCE,Kingdom of Judah / ממלכת יהודה
Geonim,Jehoshaphat ben Saul,Jehoshaphat ben Saul,https://en.wikipedia.org/wiki/Jehoshaphat_ben_Josiah,,Q6176491,Saul ben Anan / שאול בן ענן,,,,Iraq / עיראק,,
Biblical,Jehosheba,יהושבע,https://en.wikipedia.org/wiki/Jehosheba,https://he.wikipedia.org/wiki/%D7%99%D7%94%D7%95%D7%A9%D7%91%D7%A2,Q4202829,Jehoram / יהורם,,,9c BCE,,,
Biblical,Jehozadak,יהוצדק הכהן,https://en.wikipedia.org/wiki/Jehozadak,https://he.wikipedia.org/wiki/%D7%99%D7%94%D7%95%D7%A6%D7%93%D7%A7_%D7%94%D7%9B%D7%94%D7%9F,Q6176509,Seraiah / שריה,,,,,,
Biblical,Jehu,יהוא בן חנני,https://en.wikipedia.org/wiki/Jehu_%28prophet%29,https://he.wikipedia.org/wiki/%D7%99%D7%94%D7%95%D7%90_%D7%91%D7%9F_%D7%97%D7%A0%D7%A0%D7%99,Q1686571,Hanani / חנני,,,9c BCE,,9c BCE,
Biblical; Biblical kings,Jehu,יהוא,https://en.wikipedia.org/wiki/Jehu,https://he.wikipedia.org/wiki/%D7%99%D7%94%D7%95%D7%90,Q313225,Jehoshaphat; Jehoshaphat / יהושפט,,,876 BCE,Samaria / השומרון,814 BCE,Samaria / השומרון
Biblical,Jehucal,יהוכל בן שלמיהו,https://en.wikipedia.org/wiki/Jehucal,https://he.wikipedia.org/wiki/%D7%99%D7%94%D7%95%D7%9B%D7%9C_%D7%91%D7%9F_%D7%A9%D7%9C%D7%9E%D7%99%D7%94%D7%95,Q2908209,,,,,,,
Biblical,Jemima,ימימה,https://en.wikipedia.org/wiki/Jemima_%28Bible%29,https://he.wikipedia.org/wiki/%D7%99%D7%9E%D7%99%D7%9E%D7%94,Q3107413,Job / איוב,,,,,,
Biblical,Jephthah,יפתח הגלעדי,https://en.wikipedia.org/wiki/Jephthah,https://he.wikipedia.org/wiki/%D7%99%D7%A4%D7%AA%D7%97_%D7%94%D7%92%D7%9C%D7%A2%D7%93%D7%99,Q1133523,Gilead,,,1160 BCE,Gilead / הגלעד,1080 BCE,
Biblical,Jerahmeel,ירחמאל,https://en.wikipedia.org/wiki/Jerahmeel,https://he.wikipedia.org/wiki/%D7%99%D7%A8%D7%97%D7%9E%D7%90%D7%9C,Q6180535,,,,,,,
Biblical,Jeremiah,ירמיהו,https://en.wikipedia.org/wiki/Jeremiah,https://he.wikipedia.org/wiki/%D7%99%D7%A8%D7%9E%D7%99%D7%94%D7%95,Q158825,Hilkiah / חלקיהו בן שלום,Zephaniah / צפניה בן כושי,Baruch ben Neriah / ברוך בן נריה,645 BCE,Anathoth / ענתות,587 BCE,Ancient Egypt / מצרים העתיקה
Tannaim,Jeremiah,רבי ירמיה (הראשון),https://en.wikipedia.org/wiki/Jeremiah_%28I%29,https://he.wikipedia.org/wiki/%D7%A8%D7%91%D7%99_%D7%99%D7%A8%D7%9E%D7%99%D7%94_%28%D7%94%D7%A8%D7%90%D7%A9%D7%95%D7%9F%29,Q12411210,,,,,,,
Amoraim,Jeremiah,רבי ירמיה,https://en.wikipedia.org/wiki/Jeremiah_%28III%29,https://he.wikipedia.org/wiki/%D7%A8%D7%91%D7%99_%D7%99%D7%A8%D7%9E%D7%99%D7%94,Q6180711,,,,,,,
Biblical,Jerimoth,Jerimoth,https://en.wikipedia.org/wiki/Jerimoth,,Q114743506,,,,,,,
Biblical kings,Jeroboam I,ירבעם בן נבט,https://en.wikipedia.org/wiki/Jeroboam,https://he.wikipedia.org/wiki/%D7%99%D7%A8%D7%91%D7%A2%D7%9D_%D7%91%D7%9F_%D7%A0%D7%91%D7%98,Q313219,Nebat / נבט,,,10c BCE,Kingdom of Israel / ממלכת ישראל המאוחדת,910 BCE,
Biblical; Biblical kings,Jeroboam II,ירבעם השני,https://en.wikipedia.org/wiki/Jeroboam_II,https://he.wikipedia.org/wiki/%D7%99%D7%A8%D7%91%D7%A2%D7%9D_%D7%94%D7%A9%D7%A0%D7%99,Q313232,Jehoash / יואש,,,9c BCE,,753 BCE,Samaria / השומרון
Biblical,Jeroham,ירחם,https://en.wikipedia.org/wiki/Jeroham,,Q6182499,Elihu / אליהוא,,,,,,
Tannaim,Jerusalem of Gold,ירושלים של זהב (אגדה והלכה),,https://he.wikipedia.org/wiki/%D7%99%D7%A8%D7%95%D7%A9%D7%9C%D7%99%D7%9D_%D7%A9%D7%9C_%D7%96%D7%94%D7%91_%28%D7%AA%D7%9B%D7%A9%D7%99%D7%98%29,Q12408324,,,,,,,
Amoraim,Jerusalemite Amora,אמוראי ארץ ישראל,,https://he.wikipedia.org/wiki/%D7%90%D7%9E%D7%95%D7%A8%D7%90%D7%99_%D7%90%D7%A8%D7%A5_%D7%99%D7%A9%D7%A8%D7%90%D7%9C,Q55649848,,,,,,,
Tannaim,Jeshbab the Scribe,רבי ישבב הסופר,https://en.wikipedia.org/wiki/Jeshbab_the_Scribe,https://he.wikipedia.org/wiki/%D7%A8%D7%91%D7%99_%D7%99%D7%A9%D7%91%D7%91_%D7%94%D7%A1%D7%95%D7%A4%D7%A8,Q2907627,,,,40s,Land of Israel / ארץ ישראל,130s,
Biblical,Jesiah,Jesiah,https://en.wikipedia.org/wiki/Jesiah,,Q6185722,,,,,,,
Biblical,Jesse,ישי,https://en.wikipedia.org/wiki/Jesse_%28biblical_figure%29,https://he.wikipedia.org/wiki/%D7%99%D7%A9%D7%99,Q45090,Obed / עובד,,,1140 BCE,,1020 BCE,
Biblical prophets,Jesus ben Ananias,ישוע בן חנניה,https://en.wikipedia.org/wiki/Jesus_ben_Ananias,https://he.wikipedia.org/wiki/%D7%99%D7%A9%D7%95%D7%A2_%D7%91%D7%9F_%D7%97%D7%A0%D7%A0%D7%99%D7%94,Q740789,,,,1c,,1c,
Biblical,Jether,יתר,https://en.wikipedia.org/wiki/Jether,,Q6189003,,,,,,,
Biblical,Jether,יתר הישמעאלי,,https://he.wikipedia.org/wiki/%D7%99%D7%AA%D7%A8_%D7%94%D7%99%D7%A9%D7%9E%D7%A2%D7%90%D7%9C%D7%99,Q6659565,,,,,,,
Biblical,Jethro,יתרו,https://en.wikipedia.org/wiki/Jethro_%28biblical_figure%29,https://he.wikipedia.org/wiki/%D7%99%D7%AA%D7%A8%D7%95,Q62788,,,,15c BCE,,14c BCE,
Biblical,Joab,יואב בן צרויה,https://en.wikipedia.org/wiki/Joab,https://he.wikipedia.org/wiki/%D7%99%D7%95%D7%90%D7%91_%D7%91%D7%9F_%D7%A6%D7%A8%D7%95%D7%99%D7%94,Q1141064,,,,11c BCE,,970 BCE,
Biblical,Joaddan,יהועדן,https://en.wikipedia.org/wiki/Joaddan,https://he.wikipedia.org/wiki/%D7%99%D7%94%D7%95%D7%A2%D7%93%D7%9F,Q20502568,,,,,,,
Biblical,Joah,Joah,https://en.wikipedia.org/wiki/Joah,,Q1690679,,,,,,,
Biblical,Joash,יואש,https://en.wikipedia.org/wiki/Joash_%28High_Priest%29,,Q6206582,Azariah I,,,,,,
Biblical,Job,איוב,https://en.wikipedia.org/wiki/Job_%28biblical_figure%29,https://he.wikipedia.org/wiki/%D7%90%D7%99%D7%95%D7%91,Q179962,,,,2180 BCE,,,
Biblical,Jobab ben Zerah,יובב בן זרח,https://en.wikipedia.org/wiki/Jobab_ben_Zerah,https://he.wikipedia.org/wiki/%D7%99%D7%95%D7%91%D7%91_%D7%91%D7%9F_%D7%96%D7%A8%D7%97,Q6206768,,,,,Bozrah / בצרה,,
Biblical,Jochebed,יוכבד,https://en.wikipedia.org/wiki/Jochebed,https://he.wikipedia.org/wiki/%D7%99%D7%95%D7%9B%D7%91%D7%93,Q594805,Levi / לוי,,,,,,
Biblical,Joel,יואל,https://en.wikipedia.org/wiki/Joel_%28prophet%29,https://he.wikipedia.org/wiki/%D7%99%D7%95%D7%90%D7%9C_%D7%94%D7%A0%D7%91%D7%99%D7%90,Q45053,Pethuel,Micah / מיכה,Nahum / נחום,1 BCE,Judea / יהודה,7c BCE,Judea / יהודה
Rishonim,Joel ben Isaac ha-Levi,יואל הלוי מבונא,https://en.wikipedia.org/wiki/Joel_ben_Isaac_ha-Levi,https://he.wikipedia.org/wiki/%D7%99%D7%95%D7%90%D7%9C_%D7%94%D7%9C%D7%95%D7%99_%D7%9E%D7%91%D7%95%D7%A0%D7%90,Q96064770,,,,1115,,1200,
Tannaim,Johanan (2nd century rabbi),רבי יוחנן בן תורתא,https://en.wikipedia.org/wiki/Johanan_%282nd_century_rabbi%29,https://he.wikipedia.org/wiki/%D7%A8%D7%91%D7%99_%D7%99%D7%95%D7%97%D7%A0%D7%9F_%D7%91%D7%9F_%D7%AA%D7%95%D7%A8%D7%AA%D7%90,Q2897319,,,,2c,Israel / ישראל,,
Tannaim,Johanan ben Baroka,רבי יוחנן בן ברוקה,https://en.wikipedia.org/wiki/Johanan_ben_Baroka,https://he.wikipedia.org/wiki/%D7%A8%D7%91%D7%99_%D7%99%D7%95%D7%97%D7%A0%D7%9F_%D7%91%D7%9F_%D7%91%D7%A8%D7%95%D7%A7%D7%94,Q948902,,,,2c,Israel / ישראל,,
Tannaim,Johanan ben Nuri,רבי יוחנן בן נורי,https://en.wikipedia.org/wiki/Johanan_ben_Nuri,https://he.wikipedia.org/wiki/%D7%A8%D7%91%D7%99_%D7%99%D7%95%D7%97%D7%A0%D7%9F_%D7%91%D7%9F_%D7%A0%D7%95%D7%A8%D7%99,Q447687,,,,1c,Israel / ישראל,2c,
Tannaim,Johanan ben Zakai,רבן יוחנן בן זכאי,https://en.wikipedia.org/wiki/Yohanan_ben_Zakkai,https://he.wikipedia.org/wiki/%D7%A8%D7%91%D7%9F_%D7%99%D7%95%D7%97%D7%A0%D7%9F_%D7%91%D7%9F_%D7%96%D7%9B%D7%90%D7%99,Q733660,,Hillel the Elder / הלל הזקן; Shammai the elder / שמאי הזקן,Eliezer ben Hurcanus / רבי אליעזר בן הורקנוס; Joshua ben Hananiah / רבי יהושע בן חנניה; Shimon ben Nethanel / רבי שמעון בן נתנאל; Yose HaKohen / רבי יוסי הכהן; Eleazar ben Arach / רבי אלעזר בן ערך; Hanina ben Dosa / רבי חנינא בן דוסא,1c BCE,Judaea / פרובינקיה יודיאה,70s,Yavne / יבנה
Tannaim,Johanan HaSandlar,רבי יוחנן הסנדלר,https://en.wikipedia.org/wiki/Johanan_HaSandlar,https://he.wikipedia.org/wiki/%D7%A8%D7%91%D7%99_%D7%99%D7%95%D7%97%D7%A0%D7%9F_%D7%94%D7%A1%D7%A0%D7%93%D7%9C%D7%A8,Q449248,,,,0100,Alexandria / אלכסנדריה,2c,Syria Palaestina / סוריה פלשתינה
Biblical,Joiakim,יהויקים בן יהושע,https://en.wikipedia.org/wiki/Joiakim_%28High_Priest%29,https://he.wikipedia.org/wiki/%D7%99%D7%94%D7%95%D7%99%D7%A7%D7%99%D7%9D_%D7%91%D7%9F_%D7%99%D7%94%D7%95%D7%A9%D7%A2,Q11979099,Joshua / יהושע בן יהוצדק,,,,,,
Biblical,Joktan,יקטן,https://en.wikipedia.org/wiki/Joktan,https://he.wikipedia.org/wiki/%D7%99%D7%A7%D7%98%D7%9F,Q1553059,Eber / עבר,,,,,,
Biblical,Jonadab,יונדב בן שמעה,https://en.wikipedia.org/wiki/Jonadab,https://he.wikipedia.org/wiki/%D7%99%D7%95%D7%A0%D7%93%D7%91_%D7%91%D7%9F_%D7%A9%D7%9E%D7%A2%D7%94,Q6271831,Shimea / שמעה,,,,,,
Biblical,Jonah,יונה,https://en.wikipedia.org/wiki/Jonah,https://he.wikipedia.org/wiki/%D7%99%D7%95%D7%A0%D7%94_%D7%91%D7%9F_%D7%90%D7%9E%D7%99%D7%AA%D7%99,Q2468262,Amittai / אמיתי,,,823 BCE,Gath-hepher / גת חפר,720 BCE,Nineveh / נינוה
Biblical,Jonathan,יהונתן בן גרשום,https://en.wikipedia.org/wiki/Jonathan_%28Judges%29,https://he.wikipedia.org/wiki/%D7%99%D7%94%D7%95%D7%A0%D7%AA%D7%9F_%D7%91%D7%9F_%D7%92%D7%A8%D7%A9%D7%95%D7%9D,Q6272377,,,,,,,Dan / תל דן
Biblical,Jonathan,Jonathan,https://en.wikipedia.org/wiki/Jonathan_%28son_of_Abiathar%29,,Q116482643,,,,,,,
Biblical,Jonathan,יונתן בן אביתר,,https://he.wikipedia.org/wiki/%D7%99%D7%95%D7%A0%D7%AA%D7%9F_%D7%91%D7%9F_%D7%90%D7%91%D7%99%D7%AA%D7%A8,Q20502598,Abiathar / אביתר,,,,,,
Tannaim,Jonathan ben Uzziel,יונתן בן עוזיאל,https://en.wikipedia.org/wiki/Jonathan_ben_Uzziel,https://he.wikipedia.org/wiki/%D7%99%D7%95%D7%A0%D7%AA%D7%9F_%D7%91%D7%9F_%D7%A2%D7%95%D7%96%D7%99%D7%90%D7%9C,Q1400104,,Hillel the Elder / הלל הזקן,,,Land of Israel / ארץ ישראל,,Judaea / פרובינקיה יודיאה
Amoraim,Jose b. Zebida,רבי יוסי בר זבידא,https://en.wikipedia.org/wiki/Jose_bar_Zevida,https://he.wikipedia.org/wiki/%D7%A8%D7%91%D7%99_%D7%99%D7%95%D7%A1%D7%99_%D7%91%D7%A8_%D7%96%D7%91%D7%99%D7%93%D7%90,Q6279613,,,,,,,
Amoraim,Jose bar Hanina,רבי יוסי בר חנינא,https://en.wikipedia.org/wiki/Jose_bar_Hanina,https://he.wikipedia.org/wiki/%D7%A8%D7%91%D7%99_%D7%99%D7%95%D7%A1%D7%99_%D7%91%D7%A8_%D7%97%D7%A0%D7%99%D7%A0%D7%90,Q12407964,,,,,,,
Tannaim,Jose ben Akabya,Jose ben Akabya,https://en.wikipedia.org/wiki/Jose_ben_Akabya,,Q6279617,,,,,,,
Tannaim,Jose ben Halafta,רבי יוסי,https://en.wikipedia.org/wiki/Jose_ben_Halafta,https://he.wikipedia.org/wiki/%D7%A8%D7%91%D7%99_%D7%99%D7%95%D7%A1%D7%99,Q982075,Halafta / רבי חלפתא,,,2c,Sepphoris / ציפורי; Upper Galilee / הגליל העליון,0160; 0150,Sepphoris / ציפורי
Tannaim,Jose ben Jochanan,יוסי בן יוחנן,https://en.wikipedia.org/wiki/Jose_ben_Jochanan,https://he.wikipedia.org/wiki/%D7%99%D7%95%D7%A1%D7%99_%D7%91%D7%9F_%D7%99%D7%95%D7%97%D7%A0%D7%9F,Q2906625,,Antigonus of Sokho / אנטיגנוס איש סוכו,Joshua ben Perachiah / יהושע בן פרחיה; Nittai of Arbela / נתאי הארבלי,,,,
Tannaim,Jose ben Joezer,יוסי בן יועזר,https://en.wikipedia.org/wiki/Jose_ben_Joezer,https://he.wikipedia.org/wiki/%D7%99%D7%95%D7%A1%D7%99_%D7%91%D7%9F_%D7%99%D7%95%D7%A2%D7%96%D7%A8,Q2747922,,Antigonus of Sokho / אנטיגנוס איש סוכו,Joshua ben Perachiah / יהושע בן פרחיה; Nittai of Arbela / נתאי הארבלי,,,161 BCE,
Tannaim,Jose ben Judah,רבי יוסי ברבי יהודה,https://en.wikipedia.org/wiki/Jose_ben_Judah,https://he.wikipedia.org/wiki/%D7%A8%D7%91%D7%99_%D7%99%D7%95%D7%A1%D7%99_%D7%91%D7%A8%D7%91%D7%99_%D7%99%D7%94%D7%95%D7%93%D7%94,Q301088,,,,2c,Israel / ישראל,2c,
Tannaim,Jose ben Kisma,רבי יוסי בן קיסמא,https://en.wikipedia.org/wiki/Jose_ben_Kisma,https://he.wikipedia.org/wiki/%D7%A8%D7%91%D7%99_%D7%99%D7%95%D7%A1%D7%99_%D7%91%D7%9F_%D7%A7%D7%99%D7%A1%D7%9E%D7%90,Q374146,,,,1c,Israel / ישראל,2c,
Amoraim; Tannaim,Jose ben Zimra,רבי יוסי בן זמרה,https://en.wikipedia.org/wiki/Jose_ben_Zimra,https://he.wikipedia.org/wiki/%D7%A8%D7%91%D7%99_%D7%99%D7%95%D7%A1%D7%99_%D7%91%D7%9F_%D7%96%D7%9E%D7%A8%D7%94,Q2897422,,,,2c,Israel / ישראל,3c,
Tannaim,Jose the Galilean,רבי יוסי הגלילי,https://en.wikipedia.org/wiki/Jose_the_Galilean,https://he.wikipedia.org/wiki/%D7%A8%D7%91%D7%99_%D7%99%D7%95%D7%A1%D7%99_%D7%94%D7%92%D7%9C%D7%99%D7%9C%D7%99,Q982173,,Eliezer ben Hurcanus / רבי אליעזר בן הורקנוס,,1c,Galilee / הגליל,2c,Judaea / פרובינקיה יודיאה
Biblical; Biblical prophets,Joseph,יוסף,https://en.wikipedia.org/wiki/Joseph_%28Genesis%29,https://he.wikipedia.org/wiki/%D7%99%D7%95%D7%A1%D7%A3,Q145746,Jacob / יעקב,,,1562 BCE,Haran / חָרָן,1452 BCE,Ancient Egypt / מצרים העתיקה
Medieval Jewish,Joseph ben Abraham,יוסף אלבציר,https://en.wikipedia.org/wiki/Joseph_ben_Abraham,,Q6288181,,,,10c,,1040,
Medieval Jewish,Joseph ben Eliezer Bonfils,יוסף בר' אליעזר טוב עלם הספרדי,https://en.wikipedia.org/wiki/Joseph_ben_Eliezer_Bonfils,https://he.wikipedia.org/wiki/%D7%99%D7%95%D7%A1%D7%A3_%D7%98%D7%95%D7%91_%D7%A2%D7%9C%D7%9D_%D7%94%D7%A1%D7%A4%D7%A8%D7%93%D7%99,Q20502600,,,,,,,
Geonim,Joseph ben Jacob,יוסף בן יעקב הכהן,https://en.wikipedia.org/wiki/Joseph_ben_Jacob,,Q95230314,,,,0902,,0969,
Biblical,Joshua,יהושע בן יהוצדק,https://en.wikipedia.org/wiki/Joshua_the_High_Priest,https://he.wikipedia.org/wiki/%D7%99%D7%94%D7%95%D7%A9%D7%A2_%D7%91%D7%9F_%D7%99%D7%94%D7%95%D7%A6%D7%93%D7%A7,Q783824,Jehozadak / יהוצדק הכהן,,,,Land of Israel / ארץ ישראל,,
Biblical,Joshua,יהושע בן נון,https://en.wikipedia.org/wiki/Joshua,https://he.wikipedia.org/wiki/%D7%99%D7%94%D7%95%D7%A9%D7%A2_%D7%91%D7%9F_%D7%A0%D7%95%D7%9F,Q7734,Nun / נון,Moses / משה,,1350 BCE,Land of Goshen / גושן,1245 BCE,Canaan / כנען
Tannaim,Joshua ben Gamla,יהושע בן גמלא,https://en.wikipedia.org/wiki/Joshua_ben_Gamla,https://he.wikipedia.org/wiki/%D7%99%D7%94%D7%95%D7%A9%D7%A2_%D7%91%D7%9F_%D7%92%D7%9E%D7%9C%D7%90,Q2524799,,,,1c,,,
Tannaim,Joshua ben Hananiah,רבי יהושע בן חנניה,https://en.wikipedia.org/wiki/Joshua_ben_Hananiah,https://he.wikipedia.org/wiki/%D7%A8%D7%91%D7%99_%D7%99%D7%94%D7%95%D7%A9%D7%A2_%D7%91%D7%9F_%D7%97%D7%A0%D7%A0%D7%99%D7%94,Q1686568,,Johanan ben Zakai / רבן יוחנן בן זכאי,Akiva ben Joseph / רבי עקיבא בן יוסף,1c,Israel / ישראל,,Judaea / פרובינקיה יודיאה
Tannaim,Joshua ben Karha,רבי יהושע בן קרחה,https://en.wikipedia.org/wiki/Joshua_ben_Karha,https://he.wikipedia.org/wiki/%D7%A8%D7%91%D7%99_%D7%99%D7%94%D7%95%D7%A9%D7%A2_%D7%91%D7%9F_%D7%A7%D7%A8%D7%97%D7%94,Q449264,Akiva ben Joseph / רבי עקיבא בן יוסף,,,2c,Israel / ישראל,,
Tannaim,Joshua ben Perachiah,יהושע בן פרחיה,https://en.wikipedia.org/wiki/Joshua_ben_Perachiah,https://he.wikipedia.org/wiki/%D7%99%D7%94%D7%95%D7%A9%D7%A2_%D7%91%D7%9F_%D7%A4%D7%A8%D7%97%D7%99%D7%94,Q2778130,,Jose ben Jochanan / יוסי בן יוחנן; Jose ben Joezer / יוסי בן יועזר,Judah ben Tabbai / יהודה בן טבאי; Simeon ben Shetach / שמעון בן שטח,2c BCE,,,
Biblical; Biblical kings,Josiah,יאשיהו,https://en.wikipedia.org/wiki/Josiah,https://he.wikipedia.org/wiki/%D7%99%D7%90%D7%A9%D7%99%D7%94%D7%95,Q313228,Amon / אמון,,,648 BCE,Jerusalem / ירושלים,609 BCE,Jerusalem / ירושלים
Biblical,Jotham,יותם בן גדעון,https://en.wikipedia.org/wiki/Jotham_%28son_of_Gideon%29,https://he.wikipedia.org/wiki/%D7%99%D7%95%D7%AA%D7%9D_%D7%91%D7%9F_%D7%92%D7%93%D7%A2%D7%95%D7%9F,Q6294444,Gideon / גדעון בן יואש,,,,,,
Biblical kings,Jotham,יותם,https://en.wikipedia.org/wiki/Jotham,https://he.wikipedia.org/wiki/%D7%99%D7%95%D7%AA%D7%9D_%28%D7%9E%D7%9C%D7%9A_%D7%99%D7%94%D7%95%D7%93%D7%94%29,Q109920,Uzziah / עוזיהו,,,783 BCE,,732 BCE,Kingdom of Judah / ממלכת יהודה
Biblical,Judah,יהודה,https://en.wikipedia.org/wiki/Judah_%28son_of_Jacob%29,https://he.wikipedia.org/wiki/%D7%99%D7%94%D7%95%D7%93%D7%94_%28%D7%93%D7%9E%D7%95%D7%AA_%D7%9E%D7%A7%D7%A8%D7%90%D7%99%D7%AA%29,Q282220,Jacob / יעקב,,,1566 BCE,Paddan Aram / פדן ארם,,
Tannaim,Judah b. Hiyya,יהודה בריה דרבי חייא,https://en.wikipedia.org/wiki/Judah_b._Hiyya,https://he.wikipedia.org/wiki/%D7%99%D7%94%D7%95%D7%93%D7%94_%D7%91%D7%A8%D7%99%D7%94_%D7%93%D7%A8%D7%91%D7%99_%D7%97%D7%99%D7%99%D7%90,Q6302157,,,,,,,
Tannaim,Judah bar Ilai,רבי יהודה,https://en.wikipedia.org/wiki/Judah_bar_Ilai,https://he.wikipedia.org/wiki/%D7%A8%D7%91%D7%99_%D7%99%D7%94%D7%95%D7%93%D7%94,Q1391585,Rabbi Ilai I / רבי אלעאי,,,2c,Usha / אושא,2c,Syria Palaestina / סוריה פלשתינה
Tannaim,Judah ben Bathyra,רבי יהודה בן בתירא,https://en.wikipedia.org/wiki/Judah_ben_Bathyra,https://he.wikipedia.org/wiki/%D7%A8%D7%91%D7%99_%D7%99%D7%94%D7%95%D7%93%D7%94_%D7%91%D7%9F_%D7%91%D7%AA%D7%99%D7%A8%D7%90,Q2902564,,,,1c,Nusaybin / נציבין,,
Tannaim,Judah ben Bava,רבי יהודה בן בבא,https://en.wikipedia.org/wiki/Judah_ben_Bava,https://he.wikipedia.org/wiki/%D7%A8%D7%91%D7%99_%D7%99%D7%94%D7%95%D7%93%D7%94_%D7%91%D7%9F_%D7%91%D7%91%D7%90,Q449278,,,,2c,Israel / ישראל,,
Tannaim,Judah ben Dama,יהודה בן דמא,https://en.wikipedia.org/wiki/Judah_ben_Dama,https://he.wikipedia.org/wiki/%D7%99%D7%94%D7%95%D7%93%D7%94_%D7%91%D7%9F_%D7%93%D7%9E%D7%90,Q6586634,,,,,,,
Tannaim,Judah ben Tabbai,יהודה בן טבאי,https://en.wikipedia.org/wiki/Judah_ben_Tabbai,https://he.wikipedia.org/wiki/%D7%99%D7%94%D7%95%D7%93%D7%94_%D7%91%D7%9F_%D7%98%D7%91%D7%90%D7%99,Q2907372,,Joshua ben Perachiah / יהושע בן פרחיה; Nittai of Arbela / נתאי הארבלי,Shmaya / שמעיה; Abtalion / אבטליון,,,,
Rishonim,Judah ben Yom Tov,יהודה בן יום טוב,https://en.wikipedia.org/wiki/Judah_ben_Yom_Tov,https://he.wikipedia.org/wiki/%D7%99%D7%94%D7%95%D7%93%D7%94_%D7%91%D7%9F_%D7%99%D7%95%D7%9D_%D7%98%D7%95%D7%91,Q25490723,,,,,,,
Tannaim,Judah ha-Nasi,רבי יהודה הנשיא,https://en.wikipedia.org/wiki/Judah_ha-Nasi,https://he.wikipedia.org/wiki/%D7%A8%D7%91%D7%99_%D7%99%D7%94%D7%95%D7%93%D7%94_%D7%94%D7%A0%D7%A9%D7%99%D7%90,Q380427,Simeon ben Gamliel II / רבן שמעון בן גמליאל,Shimon bar Yochai / שמעון בר יוחאי; Simeon ben Gamliel II / רבן שמעון בן גמליאל,Abba Arika / רב; Bar Kappara / בר קפרא,0135; 0135,Judea / יהודה,0219; 0200,Sepphoris / ציפורי
Tannaim,Judah HaNahtom,רבי יהודה הנחתום,,https://he.wikipedia.org/wiki/%D7%A8%D7%91%D7%99_%D7%99%D7%94%D7%95%D7%93%D7%94_%D7%94%D7%A0%D7%97%D7%AA%D7%95%D7%9D,Q89391817,,,,1c,Land of Israel / ארץ ישראל,2c,Land of Israel / ארץ ישראל
Biblical,Kadmiel,Kadmiel,https://en.wikipedia.org/wiki/Kadmiel,,Q6345611,,,,,,,
Tannaim,Kalba Savoua,כלבא שבוע,,https://he.wikipedia.org/wiki/%D7%9B%D7%9C%D7%91%D7%90_%D7%A9%D7%91%D7%95%D7%A2,Q3192132,,,,,Judaea / פרובינקיה יודיאה,,Judaea / פרובינקיה יודיאה
Biblical,Kareah,Kareah,https://en.wikipedia.org/wiki/Kareah,,Q6369174,,,,,,,
Biblical,Kemuel,קְמוּאֵל,https://en.wikipedia.org/wiki/Kemuel,,Q22122704,,,,,,,
Biblical,Kenaz,קנז,https://en.wikipedia.org/wiki/Kenaz,,Q6388805,,,,,,,
Biblical,Keren-happuch,קרן הפוך,https://en.wikipedia.org/wiki/Keren-happuch,https://he.wikipedia.org/wiki/%D7%A7%D7%A8%D7%9F_%D7%94%D7%A4%D7%95%D7%9A,Q3201131,Job / איוב,,,,,,
Biblical,Keturah,קטורה,https://en.wikipedia.org/wiki/Keturah,https://he.wikipedia.org/wiki/%D7%A7%D7%98%D7%95%D7%A8%D7%94_%28%D7%93%D7%9E%D7%95%D7%AA_%D7%9E%D7%A7%D7%A8%D7%90%D7%99%D7%AA%29,Q908531,,,,,,,
Biblical,Keziah,קציעה,https://en.wikipedia.org/wiki/Keziah,https://he.wikipedia.org/wiki/%D7%A7%D7%A6%D7%99%D7%A2%D7%94,Q1478110,Job / איוב,,,,,,
Biblical,Kish,קיש אבי שאול,https://en.wikipedia.org/wiki/Kish_%28Bible%29,https://he.wikipedia.org/wiki/%D7%A7%D7%99%D7%A9_%D7%90%D7%91%D7%99_%D7%A9%D7%90%D7%95%D7%9C,Q2915270,Abiel / אביאל בן צרור,,,,,,
Biblical,Kishi,Kishi,https://en.wikipedia.org/wiki/Kishi_%28biblical_figure%29,,Q6416566,,,,,,,
Biblical,Kohath,קהת,https://en.wikipedia.org/wiki/Kehath,https://he.wikipedia.org/wiki/%D7%A7%D7%94%D7%AA,Q2914557,Levi / לוי,,,1526 BCE,,1393 BCE,
Biblical,Korah,קורח,https://en.wikipedia.org/wiki/Korah,https://he.wikipedia.org/wiki/%D7%A7%D7%95%D7%A8%D7%97,Q1337316,Izhar / יצהר,,,,,,
Biblical,Kov,כוב,,https://he.wikipedia.org/wiki/%D7%9B%D7%95%D7%91,Q130233600,,,,,,,
Biblical,Lamech,למך בן מתושלח,https://en.wikipedia.org/wiki/Lamech_%28father_of_Noah%29,https://he.wikipedia.org/wiki/%D7%9C%D7%9E%D7%9A_%D7%91%D7%9F_%D7%9E%D7%AA%D7%95%D7%A9%D7%9C%D7%97,Q10921342,Methuselah / מתושלח,,,2887 BCE; 3135 BCE,Mesopotamia / מסופוטמיה,2110 BCE; 2358 BCE,
Biblical,Leah,לאה,https://en.wikipedia.org/wiki/Leah,https://he.wikipedia.org/wiki/%D7%9C%D7%90%D7%94,Q128847,Laban / לבן הארמי,,,1731 BCE,Paddan Aram / פדן ארם,1665 BCE,Canaan / כנען
Biblical,Lemuel,למואל מלך משא,https://en.wikipedia.org/wiki/Lemuel_%28biblical_king%29,https://he.wikipedia.org/wiki/%D7%9C%D7%9E%D7%95%D7%90%D7%9C_%D7%9E%D7%9C%D7%9A_%D7%9E%D7%A9%D7%90,Q6521531,,,,,,,
Biblical,Levi,לוי,https://en.wikipedia.org/wiki/Levi,https://he.wikipedia.org/wiki/%D7%9C%D7%95%D7%99_%28%D7%93%D7%9E%D7%95%D7%AA_%D7%9E%D7%A7%D7%A8%D7%90%D7%99%D7%AA%29,Q215512,Jacob / יעקב,,,1566 BCE,Paddan Aram / פדן ארם,1429 BCE,
Tannaim,Levi ben Sisi,לוי בר סיסי,https://en.wikipedia.org/wiki/Levi_ben_Sisi,https://he.wikipedia.org/wiki/%D7%9C%D7%95%D7%99_%D7%91%D7%A8_%D7%A1%D7%99%D7%A1%D7%99,Q2897998,,,,2c,Palestine / ארץ ישראל,3c,Babylon / בבל
Biblical,Lydia,לידיה,https://en.wikipedia.org/wiki/Lydia,https://he.wikipedia.org/wiki/%D7%9C%D7%99%D7%93%D7%99%D7%94,Q620765,,,,,,,
Biblical,Maacah,מעכה,https://en.wikipedia.org/wiki/Maacah,https://he.wikipedia.org/wiki/%D7%9E%D7%A2%D7%9B%D7%94,Q106417751,,,,,,,
Biblical,Machir,Machir,https://en.wikipedia.org/wiki/Machir,,Q1882683,,,,,,,
Biblical,Mahalath,מחלת,https://en.wikipedia.org/wiki/Mahalath,,Q2669401,Ishmael / ישמעאל,,,,,,
Biblical,Maher-shalal-hash-baz,מהר שלל חש בז,https://en.wikipedia.org/wiki/Maher-shalal-hash-baz,https://he.wikipedia.org/wiki/%D7%9E%D7%94%D7%A8_%D7%A9%D7%9C%D7%9C_%D7%97%D7%A9_%D7%91%D7%96,Q2903829,Isaiah / ישעיהו,,,8c BCE,,,
Biblical,Malachi,מלאכי,https://en.wikipedia.org/wiki/Malachi,https://he.wikipedia.org/wiki/%D7%9E%D7%9C%D7%90%D7%9B%D7%99,Q5767200,,,,,,,
Biblical,Malchijah,Malchijah,https://en.wikipedia.org/wiki/Malchijah,,Q6742135,,,,,,,
Biblical,Manasseh,מנשה,https://en.wikipedia.org/wiki/Manasseh_%28tribal_patriarch%29,https://he.wikipedia.org/wiki/%D7%9E%D7%A0%D7%A9%D7%94,Q1056931,Joseph / יוסף,,,,,,
Biblical; Biblical kings,Manasseh,מנשה,https://en.wikipedia.org/wiki/Manasseh_of_Judah,https://he.wikipedia.org/wiki/%D7%9E%D7%A0%D7%A9%D7%94_%28%D7%9E%D7%9C%D7%9A_%D7%99%D7%94%D7%95%D7%93%D7%94%29,Q156328,Hezekiah / חזקיהו,,,709 BCE,Jerusalem / ירושלים,642 BCE,Jerusalem / ירושלים
Biblical,Manasseh,מנשה,https://en.wikipedia.org/wiki/Manasses,,Q21079802,,,,,,,
Biblical,Manoah,מנוח,https://en.wikipedia.org/wiki/Manoah,https://he.wikipedia.org/wiki/%D7%9E%D7%A0%D7%95%D7%97,Q221514,,,,,,,
Geonim,Mar ben Huna,מר בר רב הונא,https://en.wikipedia.org/wiki/Mar_ben_Huna,https://he.wikipedia.org/wiki/%D7%9E%D7%A8_%D7%91%D7%A8_%D7%A8%D7%91_%D7%94%D7%95%D7%A0%D7%90,Q1892194,,,,6c,Babylon / בבל,7c,Sura / סורא
Geonim,Mar Isaac,רב יצחק מפירוז שאבור,https://en.wikipedia.org/wiki/Mar_Isaac_%28Firuz_Shabur%29,https://he.wikipedia.org/wiki/%D7%A8%D7%91_%D7%99%D7%A6%D7%97%D7%A7_%28%D7%A4%D7%99%D7%A8%D7%95%D7%96_%D7%A9%D7%91%D7%95%D7%A8%29,Q431803,,,,,,,
Geonim,Mar Ukba,מר עוקבא,https://en.wikipedia.org/wiki/Mar_Ukba_ben_Judah,https://he.wikipedia.org/wiki/%D7%9E%D7%A8_%D7%A2%D7%95%D7%A7%D7%91%D7%90_%28%D7%92%D7%90%D7%95%D7%A0%D7%99%D7%9D%29,Q6754445,,,,,,,
Geonim,Mari ben R. Dimi,מרי בר רב דימי,https://en.wikipedia.org/wiki/Mari_ben_R._Dimi,https://he.wikipedia.org/wiki/%D7%A8%D7%91_%D7%9E%D7%A8%D7%99_%D7%91%D7%A8_%D7%A8%D7%91_%D7%93%D7%99%D7%9E%D7%99,Q61126577,,,,,Babylon / בבל,,Pumbedita / פומבדיתא
Geonim; Rishonim,Masliah ben Solomon ha-Cohen,מצליח הכהן גאון,https://en.wikipedia.org/wiki/Masliah_ben_Solomon_ha-Cohen,https://he.wikipedia.org/wiki/%D7%9E%D7%A6%D7%9C%D7%99%D7%97_%D7%94%D7%9B%D7%94%D7%9F_%D7%92%D7%90%D7%95%D7%9F,Q25493668,,,,,,,
Tannaim,Matteya ben Heresh,רבי מתיא בן חרש,https://en.wikipedia.org/wiki/Matteya_ben_Heresh,https://he.wikipedia.org/wiki/%D7%A8%D7%91%D7%99_%D7%9E%D7%AA%D7%99%D7%90_%D7%91%D7%9F_%D7%97%D7%A8%D7%A9,Q449241,,,,2c,Judea / יהודה,2c,Ancient Rome / רומא העתיקה
Rishonim,Mazhir ben Abraham,Mazhir ben Abraham,https://en.wikipedia.org/wiki/Mazhir_ben_Abraham,,Q119954425,,,,,,,
Tannaim,Me'asha,Me'asha,https://en.wikipedia.org/wiki/Me%27asha,,Q6802868,,,,,,,
Tannaim,Me'asha,Me'asha,https://en.wikipedia.org/wiki/Me%27asha_%28amora%29,,Q19893382,,,,,,,
Tannaim,Me'asha ben Joseph,Me'asha ben Joseph,https://en.wikipedia.org/wiki/Me%27asha_ben_Joseph,,Q19787102,,,,,,,
Tannaim,Meir Ba'al HaNes,Meir Ba'al HaNes,https://en.wikipedia.org/wiki/Meir_Ba%27al_HaNes,,Q6810220,,,,,,,
Rishonim,Meir ben Solomon Abi-Sahula,מאיר אבוסאולה,https://en.wikipedia.org/wiki/Meir_ben_Solomon_Abi-Sahula,https://he.wikipedia.org/wiki/%D7%9E%D7%90%D7%99%D7%A8_%D7%A1%D7%94%D7%95%D7%9C%D7%94,Q96628318,,,,1250s,,,
Tannaim,Mekhilta de-Rabbi Shimon,"מכילתא דרשב""י",https://en.wikipedia.org/wiki/Mekhilta_of_Rabbi_Shimon_ben_Yochai,https://he.wikipedia.org/wiki/%D7%9E%D7%9B%D7%99%D7%9C%D7%AA%D7%90_%D7%93%D7%A8%D7%A9%D7%91%22%D7%99,Q2895819,,,,,,,
Biblical,Melchizedek,מלכי-צדק,https://en.wikipedia.org/wiki/Melchizedek,https://he.wikipedia.org/wiki/%D7%9E%D7%9C%D7%9B%D7%99-%D7%A6%D7%93%D7%A7,Q219395,,,,18c BCE,,17c BCE,
Biblical kings,Menahem,מנחם בן גדי,https://en.wikipedia.org/wiki/Menahem,https://he.wikipedia.org/wiki/%D7%9E%D7%A0%D7%97%D7%9D_%D7%91%D7%9F_%D7%92%D7%93%D7%99,Q313212,Gadi,,,8c BCE,,742 BCE,
Rishonim,Menahem ben Helbo,מנחם בן חלבו,https://en.wikipedia.org/wiki/Menahem_ben_Helbo,https://he.wikipedia.org/wiki/%D7%9E%D7%A0%D7%97%D7%9D_%D7%91%D7%9F_%D7%97%D7%9C%D7%91%D7%95,Q61126303,,,Joseph Kara / יוסף קרא,,,,
Rishonim,Menahem Shalem,Menahem Shalem,https://en.wikipedia.org/wiki/Menahem_ben_Jacob_Shalem,,Q106832972,,,,14c,,15c,
Tannaim,Menahem the Essene,מנחם (זוגות),https://en.wikipedia.org/wiki/Menahem_the_Essene,https://he.wikipedia.org/wiki/%D7%9E%D7%A0%D7%97%D7%9D_%28%D7%96%D7%95%D7%92%D7%95%D7%AA%29,Q2066506,,,,,,,Jerusalem / ירושלים
Biblical,Mephibosheth,מפיבושת,https://en.wikipedia.org/wiki/Mephibosheth,https://he.wikipedia.org/wiki/%D7%9E%D7%A4%D7%99%D7%91%D7%95%D7%A9%D7%AA,Q851686,Jonathan / יהונתן,,,1015 BCE,,10c BCE,
Biblical,Merab,מרב בת שאול,https://en.wikipedia.org/wiki/Merab,https://he.wikipedia.org/wiki/%D7%9E%D7%A8%D7%91_%D7%91%D7%AA_%D7%A9%D7%90%D7%95%D7%9C,Q10581739,Saul / שאול,,,,,,
Biblical,Merari,מררי,https://en.wikipedia.org/wiki/Merari,https://he.wikipedia.org/wiki/%D7%9E%D7%A8%D7%A8%D7%99,Q2670550,Levi / לוי,,,,,,
Biblical,Mered,מרד,https://en.wikipedia.org/wiki/Mered,,Q6818896,,,,,,,
Biblical,Meshullam,Meshullam,https://en.wikipedia.org/wiki/Meshullam,,Q6821307,,,,,,,
Rishonim,Meshullam ben Kalonymos,משולם בן קלונימוס,https://en.wikipedia.org/wiki/Meshullam_ben_Kalonymus,https://he.wikipedia.org/wiki/%D7%9E%D7%A9%D7%95%D7%9C%D7%9D_%D7%91%D7%9F_%D7%A7%D7%9C%D7%95%D7%A0%D7%99%D7%9E%D7%95%D7%A1,Q467553,Kalonymos Ben Moshe / קלונימוס בן משה,,,10c,,11c,
Biblical,Methuselah,מתושלח,https://en.wikipedia.org/wiki/Methuselah,https://he.wikipedia.org/wiki/%D7%9E%D7%AA%D7%95%D7%A9%D7%9C%D7%97,Q156290,Enoch / חנוך,,,3317 BCE; 3074 BCE,ancient Near East / המזרח הקדום,2348 BCE; 2105 BCE,
Biblical,Micah,מיכה,https://en.wikipedia.org/wiki/Micah_%28prophet%29,https://he.wikipedia.org/wiki/%D7%9E%D7%99%D7%9B%D7%94,Q2804969,,Isaiah / ישעיהו,Ashe,740 BCE,,670 BCE,
Biblical,Micaiah,מיכיהו בן ימלה,https://en.wikipedia.org/wiki/Micaiah,https://he.wikipedia.org/wiki/%D7%9E%D7%99%D7%9B%D7%99%D7%94%D7%95_%D7%91%D7%9F_%D7%99%D7%9E%D7%9C%D7%94,Q1531578,,,,,,,
Biblical,Midian,מדין,https://en.wikipedia.org/wiki/Midian,https://he.wikipedia.org/wiki/%D7%9E%D7%93%D7%99%D7%9F,Q851761,,,,,,,
Biblical,Milcah,מילכה,https://en.wikipedia.org/wiki/Milcah,https://he.wikipedia.org/wiki/%D7%9E%D7%99%D7%9C%D7%9B%D7%94,Q1752707,Haran / הרן,,,,Mesopotamia / מסופוטמיה,,
Biblical,Miriam,מרים הנביאה,https://en.wikipedia.org/wiki/Miriam,https://he.wikipedia.org/wiki/%D7%9E%D7%A8%D7%99%D7%9D_%D7%94%D7%A0%D7%91%D7%99%D7%90%D7%94,Q1938388,Amram / עמרם,,,1400 BCE,Ancient Egypt / מצרים העתיקה,1274 BCE,Kadesh / קדש ברנע
Biblical,Mizpar,מספר,https://en.wikipedia.org/wiki/Mizpar,,Q6884731,,,,,,,
Tannaim,Monobaz,מונבז,,https://he.wikipedia.org/wiki/%D7%9E%D7%95%D7%A0%D7%91%D7%96_%28%D7%AA%D7%A0%D7%90%29,Q124958568,,Akiva ben Joseph / רבי עקיבא בן יוסף,,,,,
Biblical,Mordecai,מרדכי היהודי,https://en.wikipedia.org/wiki/Mordecai,https://he.wikipedia.org/wiki/%D7%9E%D7%A8%D7%93%D7%9B%D7%99_%D7%94%D7%99%D7%94%D7%95%D7%93%D7%99,Q1136380,Jair / יאיר בן שמעי,,,,Hamadan / המדאן,,
Biblical,Moses,משה,https://en.wikipedia.org/wiki/Moses,https://he.wikipedia.org/wiki/%D7%9E%D7%A9%D7%94,Q9077,Amram / עמרם,,Joshua / יהושע בן נון; Eleazar / אלעזר הכהן; Phinehas / פינחס,1393 BCE; 1526 BCE; 2000 BCE,Helwan / חלואן,1273 BCE; 1406 BCE; 1500 BCE,Mount Nebo / הר נבו
Rishonim,Moses ben Kalonymus,משה בן קלונימוס,https://en.wikipedia.org/wiki/Moses_ben_Kalonymus,https://he.wikipedia.org/wiki/%D7%9E%D7%A9%D7%94_%D7%91%D7%9F_%D7%A7%D7%9C%D7%95%D7%A0%D7%99%D7%9E%D7%95%D7%A1,Q6620298,,,,,Italy / איטליה,,
Rishonim,Moses ben Meir of Ferrara,משה מפררה,https://en.wikipedia.org/wiki/Moses_ben_Meir_of_Ferrara,,Q96217250,,,,,,,
Rishonim,Moses Taku,משה תקו,https://en.wikipedia.org/wiki/Moses_Taku,https://he.wikipedia.org/wiki/%D7%9E%D7%A9%D7%94_%D7%AA%D7%A7%D7%95,Q6915955,,,,,Tachov / טאכוב,,
Medieval Jewish,Moshe ben Maimon,"רמב""ם",https://en.wikipedia.org/wiki/Maimonides,https://he.wikipedia.org/wiki/%D7%A8%D7%9E%D7%91%22%D7%9D,Q127398,Maimon ben Yossef HaDayan / מיימון הדיין,Maimon ben Yossef HaDayan / מיימון הדיין; Yehuda Ha-Cohen Ibn Susan / יהודה הכהן אבן סוסאן,,1138-03-30; 1135-03-30,Córdoba / קורדובה,1204-12-13,Cairo / קהיר
Biblical,Naamah,נעמה העמונית,https://en.wikipedia.org/wiki/Naamah_%28wife_of_Solomon%29,https://he.wikipedia.org/wiki/%D7%A0%D7%A2%D7%9E%D7%94_%D7%94%D7%A2%D7%9E%D7%95%D7%A0%D7%99%D7%AA,Q865263,,,,,,,
Biblical,Naamah,נעמה,https://en.wikipedia.org/wiki/Naamah_%28Genesis%29,https://he.wikipedia.org/wiki/%D7%A0%D7%A2%D7%9E%D7%94,Q1542154,Lamech / למך בן מתושאל,,,,,,
Biblical,Naboth,נבות היזרעאלי,https://en.wikipedia.org/wiki/Naboth,https://he.wikipedia.org/wiki/%D7%A0%D7%91%D7%95%D7%AA_%D7%94%D7%99%D7%96%D7%A8%D7%A2%D7%90%D7%9C%D7%99,Q44203,,,,,,,
Biblical; Biblical kings,Nadab of Israel,נדב בן ירבעם,https://en.wikipedia.org/wiki/Nadab_of_Israel,https://he.wikipedia.org/wiki/%D7%A0%D7%93%D7%91_%D7%91%D7%9F_%D7%99%D7%A8%D7%91%D7%A2%D7%9D,Q313223,Jeroboam I / ירבעם בן נבט,,,10c BCE,,10c BCE,Gibbethon / גבתון
Geonim,Nahshon ben Zadok,נחשון גאון,https://en.wikipedia.org/wiki/Nahshon_ben_Zadok,https://he.wikipedia.org/wiki/%D7%A0%D7%97%D7%A9%D7%95%D7%9F_%D7%92%D7%90%D7%95%D7%9F,Q16163211,,,,,,,
Biblical,Nahum,נחום,https://en.wikipedia.org/wiki/Nahum,https://he.wikipedia.org/wiki/%D7%A0%D7%97%D7%95%D7%9D,Q1981722,,Joel / יואל,Habakkuk / חבקוק,7c BCE,Alqosh / אלקוש; Elkosh / אלקוש,7c BCE,
Tannaim,Nahum of Gimzo,נחום איש גמזו,https://en.wikipedia.org/wiki/Nachum_Ish_Gamzu,https://he.wikipedia.org/wiki/%D7%A0%D7%97%D7%95%D7%9D_%D7%90%D7%99%D7%A9_%D7%92%D7%9E%D7%96%D7%95,Q446664,,,Akiva ben Joseph / רבי עקיבא בן יוסף,1c,Palestine / ארץ ישראל,2c,
Tannaim,Nahum the Mede,נחום המדי,https://en.wikipedia.org/wiki/Nahum_the_Mede,https://he.wikipedia.org/wiki/%D7%A0%D7%97%D7%95%D7%9D_%D7%94%D7%9E%D7%93%D7%99,Q2895176,,,,1c,Nusaybin / נציבין,,
Biblical,Naomi,נעמי,https://en.wikipedia.org/wiki/Naomi_%28biblical_figure%29,https://he.wikipedia.org/wiki/%D7%A0%D7%A2%D7%9E%D7%99,Q2596433,,,,,,,
Biblical,Naphtali,נפתלי,https://en.wikipedia.org/wiki/Naphtali,https://he.wikipedia.org/wiki/%D7%A0%D7%A4%D7%AA%D7%9C%D7%99,Q1771963,Jacob / יעקב,,,,,,
Medieval Jewish,Natan'el al-Fayyumi,נתנאל בירב פיומי,https://en.wikipedia.org/wiki/Natan%27el_al-Fayyumi,https://he.wikipedia.org/wiki/%D7%A0%D7%AA%D7%A0%D7%90%D7%9C_%D7%91%D7%99%D7%A8%D7%91_%D7%A4%D7%99%D7%95%D7%9E%D7%99,Q6968384,,,,1090,,1165,
Biblical,Nathan,נתן בן דוד,https://en.wikipedia.org/wiki/Nathan_%28son_of_David%29,https://he.wikipedia.org/wiki/%D7%A0%D7%AA%D7%9F_%D7%91%D7%9F_%D7%93%D7%95%D7%93,Q3437128,David / דוד,,,1000s BCE,Jerusalem / ירושלים,10c BCE,Jerusalem / ירושלים
Biblical,Nathan,נתן הנביא,https://en.wikipedia.org/wiki/Nathan_%28prophet%29,https://he.wikipedia.org/wiki/%D7%A0%D7%AA%D7%9F_%D7%94%D7%A0%D7%91%D7%99%D7%90,Q319116,Attai / עתי,,,10c BCE,,10c BCE,
Rishonim,Nathan ben Abraham I,רבינו נתן אב הישיבה,https://en.wikipedia.org/wiki/Nathan_ben_Abraham_I,,Q28196251,,,,,Palestine / ארץ ישראל,,Palestine / ארץ ישראל
Tannaim,Nathan the Babylonian,רבי נתן,https://en.wikipedia.org/wiki/Nathan_the_Babylonian,https://he.wikipedia.org/wiki/%D7%A8%D7%91%D7%99_%D7%A0%D7%AA%D7%9F,Q1400124,,,,2c,Babylon / בבל,,
Biblical,Nathan-melech,Nathan-melech,https://en.wikipedia.org/wiki/Nathan-melech,,Q6968837,,,,,,,
Geonim,Natronai ben Hilai,רב נטרונאי גאון,https://en.wikipedia.org/wiki/Natronai_ben_Hilai,https://he.wikipedia.org/wiki/%D7%A8%D7%91_%D7%A0%D7%98%D7%A8%D7%95%D7%A0%D7%90%D7%99_%D7%92%D7%90%D7%95%D7%9F,Q2905222,,,,,,0858,
Geonim,Natronai ben Nehemiah,נטרונאי בן נחמיה,https://en.wikipedia.org/wiki/Natronai_ben_Nehemiah,https://he.wikipedia.org/wiki/%D7%A0%D7%98%D7%A8%D7%95%D7%A0%D7%90%D7%99_%D7%91%D7%9F_%D7%A0%D7%97%D7%9E%D7%99%D7%94,Q6980252,,,,,,0730,
Biblical,Nehemiah,נחמיה,https://en.wikipedia.org/wiki/Nehemiah,https://he.wikipedia.org/wiki/%D7%A0%D7%97%D7%9E%D7%99%D7%94,Q1025598,Hachaliah / חכליה,,,473 BCE,Judea / יהודה,403 BCE,Judea / יהודה
Geonim,Nehemiah ben Kohen Tzedek,נחמיה בן כהן צדק,https://en.wikipedia.org/wiki/Nehemiah_ben_Kohen_Tzedek,https://he.wikipedia.org/wiki/%D7%A0%D7%97%D7%9E%D7%99%D7%94_%D7%91%D7%9F_%D7%9B%D7%94%D7%9F_%D7%A6%D7%93%D7%A7,Q16955538,כהן צדק בן יוסף,,,,,,
Tannaim,Nehunya ben HaKanah,רבי נחוניה בן הקנה,https://en.wikipedia.org/wiki/Nehunya_ben_HaKanah,https://he.wikipedia.org/wiki/%D7%A8%D7%91%D7%99_%D7%A0%D7%97%D7%95%D7%A0%D7%99%D7%94_%D7%91%D7%9F_%D7%94%D7%A7%D7%A0%D7%94,Q982191,,,,1c,Israel / ישראל,2c,
Biblical,Neriah,נריה בן-מחסיה,https://en.wikipedia.org/wiki/Neriah,,Q6996190,,,,,,,
Rishonim,Nethanel ben Isaiah,נתנאל בן ישעיה,https://en.wikipedia.org/wiki/Nethanel_ben_Isaiah,https://he.wikipedia.org/wiki/%D7%A0%D7%AA%D7%A0%D7%90%D7%9C_%D7%91%D7%9F_%D7%99%D7%A9%D7%A2%D7%99%D7%94,Q13577481,,,,,Yemen / תימן,14c,Yemen / תימן
Biblical,Nimshi,Nimshi,https://en.wikipedia.org/wiki/Nimshi,,Q17012506,Omri / עמרי,,,,,,
Geonim; Rishonim,Nissim ben Jacob,רב ניסים גאון,https://en.wikipedia.org/wiki/Nissim_ben_Jacob,https://he.wikipedia.org/wiki/%D7%A8%D7%91_%D7%A0%D7%99%D7%A1%D7%99%D7%9D_%D7%92%D7%90%D7%95%D7%9F,Q690381,Jacob ben Nissim / יעקב בן נסים,,"Isaac Alfasi / רי""ף",0990,Kairouan / קירואן,1062,
Tannaim,Nittai of Arbela,נתאי הארבלי,https://en.wikipedia.org/wiki/Nittai_of_Arbela,https://he.wikipedia.org/wiki/%D7%A0%D7%AA%D7%90%D7%99_%D7%94%D7%90%D7%A8%D7%91%D7%9C%D7%99,Q2778144,,Jose ben Jochanan / יוסי בן יוחנן; Jose ben Joezer / יוסי בן יועזר,Judah ben Tabbai / יהודה בן טבאי; Simeon ben Shetach / שמעון בן שטח,,,,
Biblical,Nitzevet,אם דוד,https://en.wikipedia.org/wiki/Nitzevet,https://he.wikipedia.org/wiki/%D7%A0%D7%A6%D7%91%D7%AA,Q7041639,,,,,,,
Biblical,Noah,נח,https://en.wikipedia.org/wiki/Noah,https://he.wikipedia.org/wiki/%D7%A0%D7%97,Q81422,Lamech / למך בן מתושלח,,,2948 BCE; 2706 BCE; 3847 BCE,Mesopotamia / מסופוטמיה,1998 BCE; 1756 BCE; 2897 BCE,
Biblical,Nun,נון,https://en.wikipedia.org/wiki/Nun_%28biblical_figure%29,,Q3344859,Elishama / אלישמע בן עמיהוד,,,,,,
Biblical,Oabdius,Oabdius,https://en.wikipedia.org/wiki/Oabdius,,Q7073391,,,,,,,
Biblical,Obadiah,עובדיה,https://en.wikipedia.org/wiki/Obadiah,,Q479645,,,,587 BCE,,5c BCE,
Biblical,Obadiah,עובדיהו,https://en.wikipedia.org/wiki/Obadiah_%281_Kings%29,https://he.wikipedia.org/wiki/%D7%A2%D7%95%D7%91%D7%93%D7%99%D7%94%D7%95,Q7074556,,,,,,,
Biblical,Obed,עובד,https://en.wikipedia.org/wiki/Obed_%28biblical_figure%29,https://he.wikipedia.org/wiki/%D7%A2%D7%95%D7%91%D7%93_%28%D7%93%D7%9E%D7%95%D7%AA_%D7%9E%D7%A7%D7%A8%D7%90%D7%99%D7%AA%29,Q1135791,Boaz / בעז,,,1203 BCE,,,
Biblical,Obed-Edom,עובד אדום הגתי,https://en.wikipedia.org/wiki/Obed-Edom,https://he.wikipedia.org/wiki/%D7%A2%D7%95%D7%91%D7%93_%D7%90%D7%93%D7%95%D7%9D_%D7%94%D7%92%D7%AA%D7%99,Q2898809,,,,,,,
Biblical,Oded,עודד,https://en.wikipedia.org/wiki/Oded_%28prophet%29,https://he.wikipedia.org/wiki/%D7%A2%D7%95%D7%93%D7%93_%28%D7%A0%D7%91%D7%99%D7%90_%D7%91%D7%A9%D7%95%D7%9E%D7%A8%D7%95%D7%9F%29,Q16341302,,,,,,,
Biblical,Oded,עודד,https://en.wikipedia.org/wiki/Oded%2C_father_of_Azariah,,Q19893741,,,,,,,
Biblical,Og,עוג מלך הבשן,https://en.wikipedia.org/wiki/Og,https://he.wikipedia.org/wiki/%D7%A2%D7%95%D7%92_%D7%9E%D7%9C%D7%9A_%D7%94%D7%91%D7%A9%D7%9F,Q878675,,,,,,,Edrei / אדרעי
Biblical,Oholiab,אהליאב בן אחיסמך,https://en.wikipedia.org/wiki/Oholiab,https://he.wikipedia.org/wiki/%D7%90%D7%94%D7%9C%D7%99%D7%90%D7%91_%D7%91%D7%9F_%D7%90%D7%97%D7%99%D7%A1%D7%9E%D7%9A,Q2112850,Ahisamach,,,,,,
Biblical; Biblical kings,Omri,עמרי,https://en.wikipedia.org/wiki/Omri,https://he.wikipedia.org/wiki/%D7%A2%D7%9E%D7%A8%D7%99,Q313221,,,,940 BCE,,874 BCE,Samaria / השומרון
Tannaim,Onkelos,אונקלוס,https://en.wikipedia.org/wiki/Onkelos,https://he.wikipedia.org/wiki/%D7%90%D7%95%D7%A0%D7%A7%D7%9C%D7%95%D7%A1,Q2533433,Q20851350,,,1c,Rome / רומא,0120,
Tannaim,Or Akiva,אור עקיבא,https://en.wikipedia.org/wiki/Or_Akiva,https://he.wikipedia.org/wiki/%D7%90%D7%95%D7%A8_%D7%A2%D7%A7%D7%99%D7%91%D7%90,Q1814658,,,,,,,
Biblical,Orpah,ערפה,https://en.wikipedia.org/wiki/Orpah,https://he.wikipedia.org/wiki/%D7%A2%D7%A8%D7%A4%D7%94,Q1697019,,,,,,,
Biblical,Othni,Othni,https://en.wikipedia.org/wiki/Othni,,Q16867047,,,,,,,
Biblical,Othniel,עתניאל בן קנז,https://en.wikipedia.org/wiki/Othniel,https://he.wikipedia.org/wiki/%D7%A2%D7%AA%D7%A0%D7%99%D7%90%D7%9C_%D7%91%D7%9F_%D7%A7%D7%A0%D7%96,Q536485,,,,,,,
Biblical,Pahath-Moab,פחת מואב,https://en.wikipedia.org/wiki/Pahath-Moab,,Q7124538,,,,,,,
Biblical,Palal,Palal,https://en.wikipedia.org/wiki/Palal,,Q7126642,,,,,,,
Tannaim,Palestinian rabbis,רבני ארץ ישראל,https://en.wikipedia.org/wiki/Palestinian_rabbis,,Q7127428,,,,,,,
Geonim,Paltoi ben Abaye,רב פלטוי גאון,https://en.wikipedia.org/wiki/Paltoi_ben_Abaye,https://he.wikipedia.org/wiki/%D7%A8%D7%91_%D7%A4%D7%9C%D7%98%D7%95%D7%99_%D7%92%D7%90%D7%95%D7%9F,Q16668713,,,,800s,,,
Biblical,Pashur,פשחור בן אמר,https://en.wikipedia.org/wiki/Pashhur,https://he.wikipedia.org/wiki/%D7%A4%D7%A9%D7%97%D7%95%D7%A8_%D7%91%D7%9F_%D7%90%D7%9E%D7%A8,Q7142075,,,,,,,
Biblical; Biblical kings,Pekah,פקח בן רמליהו,https://en.wikipedia.org/wiki/Pekah,https://he.wikipedia.org/wiki/%D7%A4%D7%A7%D7%97_%D7%91%D7%9F_%D7%A8%D7%9E%D7%9C%D7%99%D7%94%D7%95,Q334744,Remaliah,,,8c BCE,,732 BCE,
Biblical; Biblical kings,Pekahiah,פקחיה,https://en.wikipedia.org/wiki/Pekahiah,https://he.wikipedia.org/wiki/%D7%A4%D7%A7%D7%97%D7%99%D7%94,Q334756,Menahem / מנחם בן גדי,,,8c BCE,,740 BCE,Samaria / שומרון
Biblical,Pelatiah,פלטיהו בן בניהו,,https://he.wikipedia.org/wiki/%D7%A4%D7%9C%D7%98%D7%99%D7%94%D7%95_%D7%91%D7%9F_%D7%91%D7%A0%D7%99%D7%94%D7%95,Q18192102,Benaiah / בניהו,,,,,,Jerusalem / ירושלים
Biblical,Peninnah,פנינה,https://en.wikipedia.org/wiki/Peninnah,https://he.wikipedia.org/wiki/%D7%A4%D7%A0%D7%99%D7%A0%D7%94_%28%D7%93%D7%9E%D7%95%D7%AA_%D7%9E%D7%A7%D7%A8%D7%90%D7%99%D7%AA%29,Q2068934,,,,,,,
Rishonim,Perets ha-Kohen,פרץ הכהן,https://en.wikipedia.org/wiki/Peretz_Gerondi,https://he.wikipedia.org/wiki/%D7%A4%D7%A8%D7%A5_%D7%94%D7%9B%D7%94%D7%9F,Q6965916,,,"Nissim of Gerona / ר""ן; Isaac ben Sheshet / ריב""ש",1304; 13c,Girona / ז'ירונה,1370,Barcelona / ברצלונה
Biblical,Perez,פרץ,https://en.wikipedia.org/wiki/Perez_%28son_of_Judah%29,https://he.wikipedia.org/wiki/%D7%A4%D7%A8%D7%A5_%D7%91%D7%9F_%D7%99%D7%94%D7%95%D7%93%D7%94,Q1814684,Judah / יהודה,,,,,,
Tannaim,Phannias ben Samuel,פינחס בן שמואל מכפר חבתא,https://en.wikipedia.org/wiki/Phannias_ben_Samuel,https://he.wikipedia.org/wiki/%D7%A4%D7%99%D7%A0%D7%97%D7%A1_%D7%91%D7%9F_%D7%A9%D7%9E%D7%95%D7%90%D7%9C_%D7%9E%D7%9B%D7%A4%D7%A8_%D7%97%D7%91%D7%AA%D7%90,Q2919971,,,,1c,,,
Tannaim,Philo of Alexandria,פילון האלכסנדרוני,https://en.wikipedia.org/wiki/Philo,https://he.wikipedia.org/wiki/%D7%A4%D7%99%D7%9C%D7%95%D7%9F_%D7%94%D7%90%D7%9C%D7%9B%D7%A1%D7%A0%D7%93%D7%A8%D7%95%D7%A0%D7%99,Q189597,,,,15 BCE,Alexandria / אלכסנדריה,0045; 0050,Alexandria / אלכסנדריה
Biblical,Phinehas,פינחס,https://en.wikipedia.org/wiki/Phinehas,https://he.wikipedia.org/wiki/%D7%A4%D7%99%D7%A0%D7%97%D7%A1,Q128063,Eleazar / אלעזר הכהן,Moses / משה,Eli / עלי הכהן,,,,
Tannaim,Phinehas ben Jair,רבי פינחס בן יאיר,https://en.wikipedia.org/wiki/Pinchas_ben_Yair,https://he.wikipedia.org/wiki/%D7%A8%D7%91%D7%99_%D7%A4%D7%99%D7%A0%D7%97%D7%A1_%D7%91%D7%9F_%D7%99%D7%90%D7%99%D7%A8,Q448939,,,,2c,Lod / לוד,,Syria Palaestina / סוריה פלשתינה
Amoraim; Tannaim,Phinehas ben Ḥama Ha-Kohen,רבי פנחס בר חמא,,https://he.wikipedia.org/wiki/%D7%A8%D7%91%D7%99_%D7%A4%D7%A0%D7%97%D7%A1_%D7%91%D7%A8_%D7%97%D7%9E%D7%90,Q16130376,,Jeremiah / רבי ירמיה,Hanina of Sepphoris / רב חנניה,,Sakhnin (ancient village) / סכנין (יישוב עתיק),,
Biblical,Queen of Sheba,מלכת שבא,https://en.wikipedia.org/wiki/Queen_of_Sheba,https://he.wikipedia.org/wiki/%D7%9E%D7%9C%D7%9B%D7%AA_%D7%A9%D7%91%D7%90,Q159888,,,,10c BCE,,10c BCE,
Amoraim,Rabbah bar Nahmani,רבה בר נחמני,https://en.wikipedia.org/wiki/Rabbah_bar_Nahmani,https://he.wikipedia.org/wiki/%D7%A8%D7%91%D7%94_%D7%91%D7%A8_%D7%A0%D7%97%D7%9E%D7%A0%D7%99,Q360557,,Rav Huna / רב הונא,Rava / רבא,3c,,,
Amoraim,Rabbi Aha,רב אחא (אמורא),https://en.wikipedia.org/wiki/Rabbi_Aha,https://he.wikipedia.org/wiki/%D7%A8%D7%91%D7%99_%D7%90%D7%97%D7%90_%28%D7%90%D7%9E%D7%95%D7%A8%D7%90%29,Q1394943,,,,4c,,,
Tannaim,Rabbi Akiva street,רחוב רבי עקיבא,,https://he.wikipedia.org/wiki/%D7%A8%D7%97%D7%95%D7%91_%D7%A8%D7%91%D7%99_%D7%A2%D7%A7%D7%99%D7%91%D7%90,Q6907785,,,,,,,
Amoraim,Rabbi Ammi,רבי אמי,https://en.wikipedia.org/wiki/Rabbi_Ammi,https://he.wikipedia.org/wiki/%D7%A8%D7%91%D7%99_%D7%90%D7%9E%D7%99,Q473264,,,,0200,Babylon / בבל,,Land of Israel / ארץ ישראל
Tannaim,Rabbi Bana'ah,רבי בנאה,https://en.wikipedia.org/wiki/Rabbi_Bana%27ah,https://he.wikipedia.org/wiki/%D7%A8%D7%91%D7%99_%D7%91%D7%A0%D7%90%D7%94,Q450436,,,,2c,Jerusalem / ירושלים,3c,
Amoraim,Rabbi Berekiah,רבי ברכיה,https://en.wikipedia.org/wiki/Rabbi_Berekhiah,https://he.wikipedia.org/wiki/%D7%A8%D7%91%D7%99_%D7%91%D7%A8%D7%9B%D7%99%D7%94,Q7278538,,,,,,,
Tannaim,Rabbi Ilai I,רבי אלעאי,https://en.wikipedia.org/wiki/Rabbi_Ilai_I,https://he.wikipedia.org/wiki/%D7%A8%D7%91%D7%99_%D7%90%D7%9C%D7%A2%D7%90%D7%99_%28%D7%AA%D7%A0%D7%90%29,Q679634,,,,2c,Israel / ישראל,2c,Syria Palaestina / סוריה פלשתינה
Tannaim,Rabbi Isaac the smith,רבי יצחק נפחא,https://en.wikipedia.org/wiki/Rabbi_Isaac_Nappaha,https://he.wikipedia.org/wiki/%D7%A8%D7%91%D7%99_%D7%99%D7%A6%D7%97%D7%A7_%D7%A0%D7%A4%D7%97%D7%90,Q7278542,,,,,,,
Tannaim,Rabbi Ishmael,רבי ישמעאל,https://en.wikipedia.org/wiki/Rabbi_Ishmael,https://he.wikipedia.org/wiki/%D7%A8%D7%91%D7%99_%D7%99%D7%A9%D7%9E%D7%A2%D7%90%D7%9C,Q1391069,,,Rabbi Meir / רבי מאיר,0070,Roman Empire / האימפריה הרומית,0135,Roman Empire / האימפריה הרומית
Tannaim,Rabbi Jonathan,רבי יונתן,https://en.wikipedia.org/wiki/Rabbi_Jonathan,https://he.wikipedia.org/wiki/%D7%A8%D7%91%D7%99_%D7%99%D7%95%D7%A0%D7%AA%D7%9F,Q449288,,,,2c,Galilee / הגליל,,
Tannaim,Rabbi Josiah,רבי יאשיה,https://en.wikipedia.org/wiki/Rabbi_Josiah,https://he.wikipedia.org/wiki/%D7%A8%D7%91%D7%99_%D7%99%D7%90%D7%A9%D7%99%D7%94,Q7278544,,,,,,,
Tannaim,Rabbi Levitas of Yavne,רבי לויטס איש יבנה,,https://he.wikipedia.org/wiki/%D7%A8%D7%91%D7%99_%D7%9C%D7%95%D7%99%D7%98%D7%A1_%D7%90%D7%99%D7%A9_%D7%99%D7%91%D7%A0%D7%94,Q55649928,,,,,,,
Amoraim,Rabbi Mana II,רבי מנא,https://en.wikipedia.org/wiki/Rabbi_Mana_II,https://he.wikipedia.org/wiki/%D7%A8%D7%91%D7%99_%D7%9E%D7%A0%D7%90,Q1302455,,,,4c,,,
Tannaim,Rabbi Meir,רבי מאיר,https://en.wikipedia.org/wiki/Rabbi_Meir,https://he.wikipedia.org/wiki/%D7%A8%D7%91%D7%99_%D7%9E%D7%90%D7%99%D7%A8,Q1621623,,Akiva ben Joseph / רבי עקיבא בן יוסף; Elisha ben Abuyah / אלישע בן אבויה; Rabbi Ishmael / רבי ישמעאל,Yadua the Babylonian / ידוע הבבלי; Dostai ben Jannai / רבי דוסתאי ברבי ינאי,2c,Israel / ישראל; Asia Minor / אסיה הקטנה; Judaea / פרובינקיה יודיאה,2c,Babylon / בבל
Tannaim,Rabbi Nehemiah,רבי נחמיה,https://en.wikipedia.org/wiki/Rabbi_Nehemiah,https://he.wikipedia.org/wiki/%D7%A8%D7%91%D7%99_%D7%A0%D7%97%D7%9E%D7%99%D7%94,Q2902906,,,,2c,Israel / ישראל,,
Rishonim,Rabbi Samuel of Bamberg,Rabbi Samuel of Bamberg,https://en.wikipedia.org/wiki/Rabbi_Samuel_of_Bamberg,,Q27859494,,,,,,,
Tannaim,Rabbi Shimon Ben Nanas,שמעון בן ננס,,https://he.wikipedia.org/wiki/%D7%A9%D7%9E%D7%A2%D7%95%D7%9F_%D7%91%D7%9F_%D7%A0%D7%A0%D7%A1,Q61126541,,,,,,,
Amoraim; Tannaim,Rabbi Yannai,רבי ינאי,https://en.wikipedia.org/wiki/Rabbi_Yannai,https://he.wikipedia.org/wiki/%D7%A8%D7%91%D7%99_%D7%99%D7%A0%D7%90%D7%99,Q2124910,,Judah ha-Nasi / רבי יהודה הנשיא; Hiyya the Great / רבי חייא,,3c,,3c,
Tannaim,Rabbi Zadok,רבי צדוק,https://en.wikipedia.org/wiki/Rabbi_Zadok,https://he.wikipedia.org/wiki/%D7%A8%D7%91%D7%99_%D7%A6%D7%93%D7%95%D7%A7,Q140095,,,,1c,Israel / ישראל,1c,
Amoraim,Rabin (amora),רבין (אמורא),https://en.wikipedia.org/wiki/Rabin_%28amora%29,https://he.wikipedia.org/wiki/%D7%A8%D7%91%D7%99%D7%9F_%28%D7%90%D7%9E%D7%95%D7%A8%D7%90%29,Q6613420,,,,,,,
Biblical,Rachel,רחל,https://en.wikipedia.org/wiki/Rachel,https://he.wikipedia.org/wiki/%D7%A8%D7%97%D7%9C,Q207389,Laban / לבן הארמי,,,1729 BCE,,1685 BCE,Canaan / כנען
Tannaim,"Rachel, wife of Rabbi Akiva",רחל בת כלבא שבוע,https://en.wikipedia.org/wiki/Rachel%2C_wife_of_Rabbi_Akiva,https://he.wikipedia.org/wiki/%D7%A8%D7%97%D7%9C_%D7%91%D7%AA_%D7%9B%D7%9C%D7%91%D7%90_%D7%A9%D7%91%D7%95%D7%A2,Q7031085,Kalba Savoua / כלבא שבוע,,,1c,,,
Biblical,Rahab,רחב,https://en.wikipedia.org/wiki/Rahab,https://he.wikipedia.org/wiki/%D7%A8%D7%97%D7%91,Q1135632,,,,,,,
Biblical,Raham,Raham,https://en.wikipedia.org/wiki/Raham,,Q7283297,,,,,,,
Biblical,Ram,רם‎,https://en.wikipedia.org/wiki/Ram_%28biblical_figure%29,https://he.wikipedia.org/wiki/%D7%A8%D7%9D_%28%D7%93%D7%9E%D7%95%D7%AA_%D7%9E%D7%A7%D7%A8%D7%90%D7%99%D7%AA%29,Q1824842,Hezron / חצרון,,,,,,
Amoraim,Rav Assi,רב אסי,https://en.wikipedia.org/wiki/Rav_Assi,https://he.wikipedia.org/wiki/%D7%A8%D7%91_%D7%90%D7%A1%D7%99,Q741458,,,,0200,,,
Amoraim,Rav Chisda,רב חסדא,https://en.wikipedia.org/wiki/Rav_Chisda,https://he.wikipedia.org/wiki/%D7%A8%D7%91_%D7%97%D7%A1%D7%93%D7%90,Q1391057,,,,0217,,0309,
Amoraim,Rav Dimi,רב דימי,,https://he.wikipedia.org/wiki/%D7%A8%D7%91_%D7%93%D7%99%D7%9E%D7%99,Q6715844,,,,,Roman Palestine / התקופה הרומית בארץ ישראל,,Babylon / בבל
Amoraim,Rav Kahana I,רב כהנא (הראשון),,https://he.wikipedia.org/wiki/%D7%A8%D7%91_%D7%9B%D7%94%D7%A0%D7%90_%28%D7%94%D7%A8%D7%90%D7%A9%D7%95%D7%9F%29,Q6738441,,,,,,,
Amoraim,Rav Kahana II,רב כהנא (השני),https://en.wikipedia.org/wiki/Rav_Kahana_II,https://he.wikipedia.org/wiki/%D7%A8%D7%91_%D7%9B%D7%94%D7%A0%D7%90_%28%D7%94%D7%A9%D7%A0%D7%99%29,Q7296281,,,,,,,
Amoraim,Rav Kahana III,רב כהנא מפום נהרא,https://en.wikipedia.org/wiki/Rav_Kahana_III,https://he.wikipedia.org/wiki/%D7%A8%D7%91_%D7%9B%D7%94%D7%A0%D7%90_%D7%9E%D7%A4%D7%95%D7%9D_%D7%A0%D7%94%D7%A8%D7%90,Q2603832,,,,,,,
Amoraim,Rav Kahana IV,רב כהנא (הרביעי),https://en.wikipedia.org/wiki/Rav_Kahana_IV,https://he.wikipedia.org/wiki/%D7%A8%D7%91_%D7%9B%D7%94%D7%A0%D7%90_%28%D7%94%D7%A8%D7%91%D7%99%D7%A2%D7%99%29,Q7296283,,,,4c,,,
Tannaim,Rav Kruspedai,רבי כרוספדאי,https://en.wikipedia.org/wiki/Rav_Kruspedai,https://he.wikipedia.org/wiki/%D7%A8%D7%91%D7%99_%D7%9B%D7%A8%D7%95%D7%A1%D7%A4%D7%93%D7%90%D7%99,Q6809997,,,,,,,
Amoraim,Rav Papi,רב פפי,https://en.wikipedia.org/wiki/Rav_Papi,https://he.wikipedia.org/wiki/%D7%A8%D7%91_%D7%A4%D7%A4%D7%99,Q7296287,,,,,,,
Geonim,Rav Shinwai,רב שינוי,https://en.wikipedia.org/wiki/Rav_Shinwai,https://he.wikipedia.org/wiki/%D7%A8%D7%91_%D7%A9%D7%99%D7%A0%D7%95%D7%99,Q12411204,,,,,,,
Amoraim,Rav Yemar,רב יימר,https://en.wikipedia.org/wiki/Rav_Yemar,https://he.wikipedia.org/wiki/%D7%A8%D7%91_%D7%99%D7%99%D7%9E%D7%A8,Q6544052,,,,,,,
Amoraim,Rav Zeira,רבי זירא,https://en.wikipedia.org/wiki/Zeira,https://he.wikipedia.org/wiki/%D7%A8%D7%91%D7%99_%D7%96%D7%99%D7%A8%D7%90,Q7296294,,,,,Babylon / בבל,,
Amoraim,Rav Zevid,רב זביד (השני),https://en.wikipedia.org/wiki/Rav_Zevid,https://he.wikipedia.org/wiki/%D7%A8%D7%91_%D7%96%D7%91%D7%99%D7%93_%28%D7%94%D7%A9%D7%A0%D7%99%29,Q7296295,,,,,,,
Amoraim,Rava,רבא,https://en.wikipedia.org/wiki/Rava_%28amora%29,https://he.wikipedia.org/wiki/%D7%A8%D7%91%D7%90,Q1304973,,Rabbah bar Nahmani / רבה בר נחמני,Rav Ashi / רב אשי,280s,Seleucia-Ctesiphon / מחוזא,0352,
Biblical,Rebecca,רבקה,https://en.wikipedia.org/wiki/Rebecca_%28biblical_figure%29,https://he.wikipedia.org/wiki/%D7%A8%D7%91%D7%A7%D7%94,Q40520,Bethuel / בתואל,,,,Aram-Naharaim / ארם נהריים,,
Biblical,Rechab,Rechab,https://en.wikipedia.org/wiki/Rechab,,Q7302400,,,,,,,
Biblical kings,Rehoboam,רחבעם,https://en.wikipedia.org/wiki/Rehoboam,https://he.wikipedia.org/wiki/%D7%A8%D7%97%D7%91%D7%A2%D7%9D,Q211663,Solomon / שלמה,,,972 BCE,Jerusalem / ירושלים,914 BCE,Jerusalem / ירושלים
Biblical,Reuben,ראובן,https://en.wikipedia.org/wiki/Reuben_%28son_of_Jacob%29,https://he.wikipedia.org/wiki/%D7%A8%D7%90%D7%95%D7%91%D7%9F,Q625661,Jacob / יעקב,,,1669 BCE,Paddan Aram / פדן ארם,1445 BCE,
Biblical,Rizpah,רצפה בת איה,https://en.wikipedia.org/wiki/Rizpah,https://he.wikipedia.org/wiki/%D7%A8%D7%A6%D7%A4%D7%94_%D7%91%D7%AA_%D7%90%D7%99%D7%94,Q2899077,Aiah,,,,,,
Biblical,Ruth,רות,https://en.wikipedia.org/wiki/Ruth_%28biblical_figure%29,https://he.wikipedia.org/wiki/%D7%A8%D7%95%D7%AA,Q1774982,Eglon,,,14c BCE,Moab / מואב,13c BCE,Canaan / כנען
Rishonim,Saadia ben Nahmani,Saadia ben Nahmani,https://en.wikipedia.org/wiki/Saadia_ben_Nachmani,,Q3460424,,,,11c,,,
Geonim,Saadia Gaon,סעדיה גאון,https://en.wikipedia.org/wiki/Saadia_Gaon,https://he.wikipedia.org/wiki/%D7%A8%D7%91_%D7%A1%D7%A2%D7%93%D7%99%D7%94_%D7%92%D7%90%D7%95%D7%9F,Q328748,,Eli ben Yehudah ha-Nazir / עלי בן יהודה הנזיר,,0882-07,Faiyum / פיום,0942-05-16,Sura / סורא; Baghdad / בגדאד
Biblical,Sabtechah,סבתכא,,https://he.wikipedia.org/wiki/%D7%A1%D7%91%D7%AA%D7%9B%D7%90,Q124169540,Cush / כוש בן חם,,,,,,
Biblical,Salah,שלח,https://en.wikipedia.org/wiki/Selah_%28biblical_figure%29,https://he.wikipedia.org/wiki/%D7%A9%D7%9C%D7%97_%28%D7%93%D7%9E%D7%95%D7%AA_%D7%9E%D7%A7%D7%A8%D7%90%D7%99%D7%AA%29,Q1827950,Arpachshad / ארפכשד; Cainan / קינן,,,2281 BCE,,1635 BCE,
Biblical,Salmon,שלמון,https://en.wikipedia.org/wiki/Salmon_%28biblical_figure%29,https://he.wikipedia.org/wiki/%D7%A9%D7%9C%D7%9E%D7%95%D7%9F,Q1771358,Nahshon / נחשון בן עמינדב,,,,,,
Biblical,Samson,שמשון,https://en.wikipedia.org/wiki/Samson,https://he.wikipedia.org/wiki/%D7%A9%D7%9E%D7%A9%D7%95%D7%9F,Q214648,Manoah / מנוח,,,1118 BCE,Zorah / צרעה,1078 BCE,Gaza City / עזה
Rishonim,Samson ben Joseph de Falaise,שמשון מפלייזא,https://en.wikipedia.org/wiki/Samson_ben_Joseph_of_Falaise,https://he.wikipedia.org/wiki/%D7%A9%D7%9E%D7%A9%D7%95%D7%9F_%D7%9E%D7%A4%D7%9C%D7%99%D7%99%D7%96%D7%90,Q3470963,,,,,,12c,
Rishonim,Samson ben Zadok,שמשון בן צדוק,https://en.wikipedia.org/wiki/Samson_ben_Zadok,https://he.wikipedia.org/wiki/%D7%A9%D7%9E%D7%A9%D7%95%D7%9F_%D7%91%D7%9F_%D7%A6%D7%93%D7%95%D7%A7,Q61125382,,"Meir ben Baruch / מהר""ם מרוטנבורג",,,,1312,
Biblical,Samuel,שמואל,https://en.wikipedia.org/wiki/Samuel,https://he.wikipedia.org/wiki/%D7%A9%D7%9E%D7%95%D7%90%D7%9C,Q6577515,Elkanah / אלקנה,Eli / עלי הכהן,David / דוד,1102 BCE; 931 BCE,Ramathaim-Zophim / רמתיים צופים,1014 BCE; 877 BCE,Ramah in Benjamin / רמה
Amoraim,Samuel bar Isaac,רב שמואל בר רב יצחק,https://en.wikipedia.org/wiki/Samuel_bar_Isaac,https://he.wikipedia.org/wiki/%D7%A8%D7%91_%D7%A9%D7%9E%D7%95%D7%90%D7%9C_%D7%91%D7%A8_%D7%A8%D7%91_%D7%99%D7%A6%D7%97%D7%A7,Q6881095,,,,,,,
Geonim,Samuel ben Hofni,שמואל בן חפני,https://en.wikipedia.org/wiki/Samuel_ben_Hofni,https://he.wikipedia.org/wiki/%D7%A8%D7%91_%D7%A9%D7%9E%D7%95%D7%90%D7%9C_%D7%91%D7%9F_%D7%97%D7%A4%D7%A0%D7%99_%D7%92%D7%90%D7%95%D7%9F,Q457187,,,,10c,,1013,
Rishonim,Samuel ben Isaac ha-Sardi,שמואל בן יצחק,https://en.wikipedia.org/wiki/Samuel_ben_Isaac_ha-Sardi,https://he.wikipedia.org/wiki/%D7%A9%D7%9E%D7%95%D7%90%D7%9C_%D7%94%D7%A1%D7%A8%D7%93%D7%99,Q7413003,,,,1190; 1185,,,
Rishonim,Samuel ben Jacob ibn Jam,שמואל אבן ג'אמע,https://en.wikipedia.org/wiki/Samuel_ben_Jacob_ibn_Jam,https://he.wikipedia.org/wiki/%D7%A9%D7%9E%D7%95%D7%90%D7%9C_%D7%90%D7%91%D7%9F_%D7%92%27%D7%90%D7%9E%D7%A2,Q7412998,,,,11c,,12c,
Amoraim,Samuel ben Nahman,רבי שמואל בר נחמני,https://en.wikipedia.org/wiki/Samuel_ben_Nahman,https://he.wikipedia.org/wiki/%D7%A8%D7%91%D7%99_%D7%A9%D7%9E%D7%95%D7%90%D7%9C_%D7%91%D7%A8_%D7%A0%D7%97%D7%9E%D7%A0%D7%99,Q2219010,,,,3c,Palestine / ארץ ישראל,4c,
Amoraim,Samuel of Nehardea,שמואל,https://en.wikipedia.org/wiki/Samuel_of_Nehardea,https://he.wikipedia.org/wiki/%D7%A9%D7%9E%D7%95%D7%90%D7%9C_%28%D7%90%D7%9E%D7%95%D7%A8%D7%90%29,Q723557,,,,0165,Nehardea / נהרדעא,0257,Nehardea / נהרדעא
Rishonim,Samuel of Speyer,שמואל החסיד,https://en.wikipedia.org/wiki/Samuel_of_Speyer,https://he.wikipedia.org/wiki/%D7%A9%D7%9E%D7%95%D7%90%D7%9C_%D7%94%D7%97%D7%A1%D7%99%D7%93,Q820923,Ḳalonimus ben Yitsḥaḳ / קלונימוס הזקן,,,1100,Speyer / שפייר,,
Biblical,Sanballat the Horonite,סנבלט,https://en.wikipedia.org/wiki/Sanballat_the_Horonite,https://he.wikipedia.org/wiki/%D7%A1%D7%A0%D7%91%D7%9C%D7%98,Q751918,,,,,,,
Geonim; Rishonim,Sar Shalom ben Abraham,Sar Shalom ben Abraham,https://en.wikipedia.org/wiki/Sar_Shalom_ben_Abraham,,Q119772698,,,,,,,
Geonim,Sar Shalom ben Boaz,שר שלום גאון,https://en.wikipedia.org/wiki/Sar_Shalom_ben_Boaz,https://he.wikipedia.org/wiki/%D7%A9%D7%A8_%D7%A9%D7%9C%D7%95%D7%9D_%D7%92%D7%90%D7%95%D7%9F,Q3473236,,,,,,0859; 0864,
Biblical,Sarah,שרה,https://en.wikipedia.org/wiki/Sarah,https://he.wikipedia.org/wiki/%D7%A9%D7%A8%D7%94,Q194808,,,,1936 BCE,,1809 BCE,Hebron / חברון
Biblical,Saul,שאול,https://en.wikipedia.org/wiki/Saul,https://he.wikipedia.org/wiki/%D7%A9%D7%90%D7%95%D7%9C,Q28730,Kish / קיש אבי שאול,,,1080 BCE,Gibeah / תל אל פול,1010 BCE,Mount Gilboa / הר הגלבוע
Tannaim,Seder Olam Rabbah,סדר עולם,https://en.wikipedia.org/wiki/Seder_Olam_Rabbah,https://he.wikipedia.org/wiki/%D7%A1%D7%93%D7%A8_%D7%A2%D7%95%D7%9C%D7%9D,Q1852626,,,,,,,
Geonim,Semah ben Josiah,Semah ben Josiah,https://en.wikipedia.org/wiki/Semah_ben_Josiah,,Q118875278,,,,,,,
Biblical,Seorim,Seorim,https://en.wikipedia.org/wiki/Seorim,,Q7451622,,,,,,,
Biblical,Serah,שרח,https://en.wikipedia.org/wiki/Serah,https://he.wikipedia.org/wiki/%D7%A9%D7%A8%D7%97,Q2899037,Asher / אשר,,,,,,
Biblical,Seraiah,שריה (פירושונים),https://en.wikipedia.org/wiki/Seraiah,https://he.wikipedia.org/wiki/%D7%A9%D7%A8%D7%99%D7%94_%28%D7%A4%D7%99%D7%A8%D7%95%D7%A9%D7%95%D7%A0%D7%99%D7%9D%29,Q7452651,,,,,,,
Biblical,Seraiah ben Neriah,שריה בן נריה,https://en.wikipedia.org/wiki/Seraiah_ben_Neriah,https://he.wikipedia.org/wiki/%D7%A9%D7%A8%D7%99%D7%94_%D7%91%D7%9F_%D7%A0%D7%A8%D7%99%D7%94,Q7452652,Neriah / נריה בן-מחסיה,,,,,,
Biblical,Seth,שת,https://en.wikipedia.org/wiki/Seth,https://he.wikipedia.org/wiki/%D7%A9%D7%AA,Q107626,Adam / אדם,,,3874 BCE,,2958 BCE; 2758 BCE,
Biblical,Shallum,Shallum,https://en.wikipedia.org/wiki/Shallum,,Q7487293,,,,,,,
Biblical; Biblical kings,Shallum,שלום בן יבש,https://en.wikipedia.org/wiki/Shallum_of_Israel,https://he.wikipedia.org/wiki/%D7%A9%D7%9C%D7%95%D7%9D_%D7%91%D7%9F_%D7%99%D7%91%D7%A9,Q334748,Jabesh / יבש,,,8c BCE,,752 BCE,
Biblical,Shalman,Shalman,https://en.wikipedia.org/wiki/Shalman_%28Bible%29,,Q7487295,,,,,,,
Biblical,Shamgar,שמגר בן ענת,https://en.wikipedia.org/wiki/Shamgar,https://he.wikipedia.org/wiki/%D7%A9%D7%9E%D7%92%D7%A8_%D7%91%D7%9F_%D7%A2%D7%A0%D7%AA,Q1516550,Anath,,,,,,
Tannaim,Shammai the elder,שמאי הזקן,https://en.wikipedia.org/wiki/Shammai,https://he.wikipedia.org/wiki/%D7%A9%D7%9E%D7%90%D7%99_%D7%94%D7%96%D7%A7%D7%9F,Q467138,,Shmaya / שמעיה; Abtalion / אבטליון,Johanan ben Zakai / רבן יוחנן בן זכאי; House of Shammai / בית שמאי,50 BCE,,0030,
Biblical,Shaphan,שפן הסופר,https://en.wikipedia.org/wiki/Shaphan,https://he.wikipedia.org/wiki/%D7%A9%D7%A4%D7%9F_%D7%94%D7%A1%D7%95%D7%A4%D7%A8,Q2904866,Azaliah / אצליהו,,,,,,
Biblical,Shaphat,שפט,https://en.wikipedia.org/wiki/Shaphat,https://he.wikipedia.org/wiki/%D7%A9%D7%A4%D7%98,Q114685996,,,,,,,
Biblical,Shashak,Shashak,https://en.wikipedia.org/wiki/Shashak,,Q7490529,,,,,,,
Biblical,Shealtiel,שאלתיאל,https://en.wikipedia.org/wiki/Shealtiel,,Q2256348,Jeconiah / יהויכין; Neri,,,,,541 BCE,
Biblical,Shearjashub,שאר ישוב,,https://he.wikipedia.org/wiki/%D7%A9%D7%90%D7%A8_%D7%99%D7%A9%D7%95%D7%91_%28%D7%91%D7%9F_%D7%99%D7%A9%D7%A2%D7%99%D7%94%29,Q18192190,Isaiah / ישעיהו,,,,,,
Biblical,Shebna,שבנא,https://en.wikipedia.org/wiki/Shebna,https://he.wikipedia.org/wiki/%D7%A9%D7%91%D7%A0%D7%90,Q7492261,,,,,,,
Biblical,Shebuel,שבואל,https://en.wikipedia.org/wiki/Shebuel,,Q6394968,Gershom / גרשום,,,,,,
Biblical,Shecaniah,Shecaniah,https://en.wikipedia.org/wiki/Shecaniah,,Q7492279,,,,,,,
Biblical,Shechem,שכם בן חמור,,https://he.wikipedia.org/wiki/%D7%A9%D7%9B%D7%9D_%D7%91%D7%9F_%D7%97%D7%9E%D7%95%D7%A8,Q22054796,Hamor / חמור,,,,,,
Biblical,Shelomith of Dibri,שלומית בת דברי,https://en.wikipedia.org/wiki/Shelomith_bat_Dibri,https://he.wikipedia.org/wiki/%D7%A9%D7%9C%D7%95%D7%9E%D7%99%D7%AA_%D7%91%D7%AA_%D7%93%D7%91%D7%A8%D7%99,Q18192218,Dibri,,,,,,
Rishonim,Shem-Tov ibn Falaquera,שם טוב בן יוסף אבן פלקירה,https://en.wikipedia.org/wiki/Shem-Tov_ibn_Falaquera,https://he.wikipedia.org/wiki/%D7%A9%D7%9D_%D7%98%D7%95%D7%91_%D7%91%D7%9F_%D7%99%D7%95%D7%A1%D7%A3_%D7%90%D7%91%D7%9F_%D7%A4%D7%9C%D7%A7%D7%99%D7%A8%D7%94,Q1383938,,,,1225,,1290,
Biblical,Shemaiah,שמעיה,https://en.wikipedia.org/wiki/Shemaiah_%28prophet%29,https://he.wikipedia.org/wiki/%D7%A9%D7%9E%D7%A2%D7%99%D7%94_%28%D7%A0%D7%91%D7%99%D7%90%29,Q2090113,,,,10c BCE,Shiloh / שילה,,
Medieval Jewish,Shemaiah of Soissons,רבי שמעיה,https://en.wikipedia.org/wiki/Shemaiah_of_Soissons,https://he.wikipedia.org/wiki/%D7%A8%D7%91%D7%99_%D7%A9%D7%9E%D7%A2%D7%99%D7%94,Q7494069,,"רש""י",,,Soissons / סואסון,12c,
Geonim,Sherira Gaon,רב שרירא גאון,https://en.wikipedia.org/wiki/Sherira_ben_Hanina,https://he.wikipedia.org/wiki/%D7%A8%D7%91_%D7%A9%D7%A8%D7%99%D7%A8%D7%90_%D7%92%D7%90%D7%95%D7%9F,Q356149,,,,0906,,1006; 1006-09-03,
Biblical,Shimea,שמעה,,https://he.wikipedia.org/wiki/%D7%A9%D7%9E%D7%A2%D7%94_%28%D7%93%D7%9E%D7%95%D7%AA_%D7%9E%D7%A7%D7%A8%D7%90%D7%99%D7%AA%29,Q16130530,Jesse / ישי,,,,,,
Biblical,Shimei,שמעי בן גרא,https://en.wikipedia.org/wiki/Shimei_ben_Gera,https://he.wikipedia.org/wiki/%D7%A9%D7%9E%D7%A2%D7%99_%D7%91%D7%9F_%D7%92%D7%A8%D7%90,Q6978950,,,,,,,
Biblical,Shimei,שמעי,https://en.wikipedia.org/wiki/Shimei,https://he.wikipedia.org/wiki/%D7%A9%D7%9E%D7%A2%D7%99,Q104413921,,,,,,,
Amoraim,Shimon bar Abba,שמעון בר אבא,https://en.wikipedia.org/wiki/Shimon_bar_Abba,https://he.wikipedia.org/wiki/%D7%A8%D7%91%D7%99_%D7%A9%D7%9E%D7%A2%D7%95%D7%9F_%D7%91%D7%A8_%D7%90%D7%91%D7%90,Q16130548,,,,,,,
Tannaim,Shimon bar Yochai,שמעון בר יוחאי,https://en.wikipedia.org/wiki/Shimon_bar_Yochai,https://he.wikipedia.org/wiki/%D7%A8%D7%91%D7%99_%D7%A9%D7%9E%D7%A2%D7%95%D7%9F_%D7%91%D7%A8_%D7%99%D7%95%D7%97%D7%90%D7%99,Q557405,,Akiva ben Joseph / רבי עקיבא בן יוסף,Judah ha-Nasi / רבי יהודה הנשיא; Eleazar b. Simeon / רבי אלעזר ברבי שמעון; Shimon Ben-Yehuda / רבי שמעון בן יהודה,1c,Galilee / הגליל,0160,161
Amoraim,Shimon Ben Avishalom,שמעון בן אבישלום,,https://he.wikipedia.org/wiki/%D7%A8%D7%91%D7%99_%D7%A9%D7%9E%D7%A2%D7%95%D7%9F_%D7%91%D7%9F_%D7%90%D7%91%D7%99%D7%A9%D7%9C%D7%95%D7%9D,Q136482221,,,,,,,
Tannaim,Shimon ben Halafta,רבי שמעון בן חלפתא,https://en.wikipedia.org/wiki/Shimon_ben_Halafta,https://he.wikipedia.org/wiki/%D7%A8%D7%91%D7%99_%D7%A9%D7%9E%D7%A2%D7%95%D7%9F_%D7%91%D7%9F_%D7%97%D7%9C%D7%A4%D7%AA%D7%90,Q6696999,,,רבי נחוניא דמן חוורן,,Judaea / פרובינקיה יודיאה,,Syria Palaestina / סוריה פלשתינה
Tannaim,Shimon ben hasgan,רבי שמעון בן הסגן,,https://he.wikipedia.org/wiki/%D7%A8%D7%91%D7%99_%D7%A9%D7%9E%D7%A2%D7%95%D7%9F_%D7%91%D7%9F_%D7%94%D7%A1%D7%92%D7%9F,Q16133503,Hanina Segan ha-Kohanim / רבי חנינא סגן הכהנים,,Simeon ben Gamliel II / רבן שמעון בן גמליאל,,,,
Tannaim,Shimon ben Nethanel,רבי שמעון בן נתנאל,,https://he.wikipedia.org/wiki/%D7%A9%D7%9E%D7%A2%D7%95%D7%9F_%D7%91%D7%9F_%D7%A0%D7%AA%D7%A0%D7%90%D7%9C,Q6594539,,Johanan ben Zakai / רבן יוחנן בן זכאי,,,,,
Amoraim,Shimon ben Pazi,רבי סימון,https://en.wikipedia.org/wiki/Shimon_ben_Pazi,https://he.wikipedia.org/wiki/%D7%A8%D7%91%D7%99_%D7%A1%D7%99%D7%9E%D7%95%D7%9F,Q6589258,,,,,,,
Tannaim,Shimon Ben-Yehuda,רבי שמעון בן יהודה,,https://he.wikipedia.org/wiki/%D7%A8%D7%91%D7%99_%D7%A9%D7%9E%D7%A2%D7%95%D7%9F_%D7%91%D7%9F_%D7%99%D7%94%D7%95%D7%93%D7%94,Q6758488,,Shimon bar Yochai / שמעון בר יוחאי,,,Judaea / פרובינקיה יודיאה,,Syria Palaestina / סוריה פלשתינה
Tannaim,Shimon brother of Azariah,שמעון אחי עזריה,,https://he.wikipedia.org/wiki/%D7%A9%D7%9E%D7%A2%D7%95%D7%9F_%D7%90%D7%97%D7%99_%D7%A2%D7%96%D7%A8%D7%99%D7%94,Q121840131,,,,,,,
Biblical,Shiphrah and Puah,שפרה ופועה,https://en.wikipedia.org/wiki/Shiphrah_and_Puah,https://he.wikipedia.org/wiki/%D7%A9%D7%A4%D7%A8%D7%94_%D7%95%D7%A4%D7%95%D7%A2%D7%94,Q1882353,,,,,,,
Tannaim,Shmaya,שמעיה,https://en.wikipedia.org/wiki/Shmaya_%28tanna%29,https://he.wikipedia.org/wiki/%D7%A9%D7%9E%D7%A2%D7%99%D7%94,Q2907313,,Judah ben Tabbai / יהודה בן טבאי; Simeon ben Shetach / שמעון בן שטח,Hillel the Elder / הלל הזקן; Shammai the elder / שמאי הזקן,,,,
Tannaim,Shmuel ha-Katan,שמואל הקטן,https://en.wikipedia.org/wiki/Shmuel_ha-Katan,https://he.wikipedia.org/wiki/%D7%A9%D7%9E%D7%95%D7%90%D7%9C_%D7%94%D7%A7%D7%98%D7%9F,Q2219012,,,,1c,,2c,
Biblical,Shuah,שוח,https://en.wikipedia.org/wiki/Shuah,https://he.wikipedia.org/wiki/%D7%A9%D7%95%D7%97_%28%D7%93%D7%9E%D7%95%D7%AA_%D7%9E%D7%A7%D7%A8%D7%90%D7%99%D7%AA%29,Q24578452,,,,,,,
Tannaim,Sifre to Deuteronomy,ספרי דברים,,https://he.wikipedia.org/wiki/%D7%A1%D7%A4%D7%A8%D7%99_%D7%93%D7%91%D7%A8%D7%99%D7%9D,Q6597194,,,,,,,
Biblical,Sihon,סיחון,https://en.wikipedia.org/wiki/Sihon,https://he.wikipedia.org/wiki/%D7%A1%D7%99%D7%97%D7%95%D7%9F,Q887987,,,,,,,Jahaz / יהצה
Biblical,Simeon,שמעון,https://en.wikipedia.org/wiki/Simeon_%28son_of_Jacob%29,https://he.wikipedia.org/wiki/%D7%A9%D7%9E%D7%A2%D7%95%D7%9F,Q1773005,Jacob / יעקב,,,1668 BCE,Harran / חרן,2000 BCE,
Rishonim,Simeon bar Isaac,שמעון בן יצחק,https://en.wikipedia.org/wiki/Simeon_bar_Isaac,https://he.wikipedia.org/wiki/%D7%A9%D7%9E%D7%A2%D7%95%D7%9F_%D7%91%D7%9F_%D7%99%D7%A6%D7%97%D7%A7,Q1276109,,,,0950,Mainz / מיינץ,1015,Mainz / מיינץ
Tannaim,Simeon ben Azzai,בן עזאי,https://en.wikipedia.org/wiki/Simeon_ben_Azzai,https://he.wikipedia.org/wiki/%D7%91%D7%9F_%D7%A2%D7%96%D7%90%D7%99,Q601081,,,,2c,Israel / ישראל,2c,Syria Palaestina / סוריה פלשתינה
Tannaim,Simeon ben Eleazar,רבי שמעון בן אלעזר,https://en.wikipedia.org/wiki/Simeon_ben_Eleazar,https://he.wikipedia.org/wiki/%D7%A8%D7%91%D7%99_%D7%A9%D7%9E%D7%A2%D7%95%D7%9F_%D7%91%D7%9F_%D7%90%D7%9C%D7%A2%D7%96%D7%A8,Q177481,,,,2c,Galilee / הגליל,,
Tannaim,Simeon ben Gamliel,רבן שמעון בן גמליאל הזקן,https://en.wikipedia.org/wiki/Simeon_ben_Gamliel,https://he.wikipedia.org/wiki/%D7%A8%D7%91%D7%9F_%D7%A9%D7%9E%D7%A2%D7%95%D7%9F_%D7%91%D7%9F_%D7%92%D7%9E%D7%9C%D7%99%D7%90%D7%9C_%D7%94%D7%96%D7%A7%D7%9F,Q2037623,Gamaliel / רבן גמליאל הזקן,Gamaliel / רבן גמליאל הזקן,Gamaliel II / רבן גמליאל דיבנה,10 BCE,Roman Empire / האימפריה הרומית; Jerusalem during the Second Temple Period / ירושלים בתקופת בית שני,0069,
Tannaim,Simeon ben Gamliel II,רבן שמעון בן גמליאל,https://en.wikipedia.org/wiki/Simeon_ben_Gamaliel_II,https://he.wikipedia.org/wiki/%D7%A8%D7%91%D7%9F_%D7%A9%D7%9E%D7%A2%D7%95%D7%9F_%D7%91%D7%9F_%D7%92%D7%9E%D7%9C%D7%99%D7%90%D7%9C,Q1400135,Gamaliel II / רבן גמליאל דיבנה,Gamaliel II / רבן גמליאל דיבנה; Shimon ben hasgan / רבי שמעון בן הסגן,Judah ha-Nasi / רבי יהודה הנשיא,0100,Judaea / פרובינקיה יודיאה,,
Tannaim,Simeon ben Hillel,שמעון בן הלל,https://en.wikipedia.org/wiki/Simeon_ben_Hillel,https://he.wikipedia.org/wiki/%D7%A9%D7%9E%D7%A2%D7%95%D7%9F_%D7%91%D7%9F_%D7%94%D7%9C%D7%9C,Q733042,Hillel the Elder / הלל הזקן,Hillel the Elder / הלל הזקן,Gamaliel / רבן גמליאל הזקן,1c BCE,Israel / ישראל,0009,Judaea / פרובינקיה יודיאה
Amoraim; Tannaim,Simeon ben Jehozadak,רבי שמעון בן יהוצדק,https://en.wikipedia.org/wiki/Simeon_ben_Jehozadak,https://he.wikipedia.org/wiki/%D7%A8%D7%91%D7%99_%D7%A9%D7%9E%D7%A2%D7%95%D7%9F_%D7%91%D7%9F_%D7%99%D7%94%D7%95%D7%A6%D7%93%D7%A7,Q16133506,,,,,,3c,Lod / לוד
Tannaim,Simeon ben Judah ha-Nasi,רבי שמעון ברבי,https://en.wikipedia.org/wiki/Simeon_ben_Judah_ha-Nasi,https://he.wikipedia.org/wiki/%D7%A8%D7%91%D7%99_%D7%A9%D7%9E%D7%A2%D7%95%D7%9F_%D7%91%D7%A8%D7%91%D7%99,Q61126436,Judah ha-Nasi / רבי יהודה הנשיא,,,,Syria Palaestina / סוריה פלשתינה,,Syria Palaestina / סוריה פלשתינה
Tannaim,Simeon ben Menasya,רבי שמעון בן מנסיא,https://en.wikipedia.org/wiki/Simeon_ben_Menasya,https://he.wikipedia.org/wiki/%D7%A8%D7%91%D7%99_%D7%A9%D7%9E%D7%A2%D7%95%D7%9F_%D7%91%D7%9F_%D7%9E%D7%A0%D7%A1%D7%99%D7%90,Q2070697,,,,2c,Palestine / ארץ ישראל,1000,
Tannaim,Simeon ben Shetach,שמעון בן שטח,https://en.wikipedia.org/wiki/Simeon_ben_Shetach,https://he.wikipedia.org/wiki/%D7%A9%D7%9E%D7%A2%D7%95%D7%9F_%D7%91%D7%9F_%D7%A9%D7%98%D7%97,Q338378,,Joshua ben Perachiah / יהושע בן פרחיה; Nittai of Arbela / נתאי הארבלי,Shmaya / שמעיה; Abtalion / אבטליון,140 BCE,,60 BCE,
Tannaim,Simeon ben Zoma,בן זומא,https://en.wikipedia.org/wiki/Simeon_ben_Zoma,https://he.wikipedia.org/wiki/%D7%91%D7%9F_%D7%96%D7%95%D7%9E%D7%90,Q816598,,,,,Palestine / ארץ ישראל,2c,
Tannaim,Simeon ha-Pakoli,שמעון הפקולי,https://en.wikipedia.org/wiki/Simeon_HaPakoli,https://he.wikipedia.org/wiki/%D7%A9%D7%9E%D7%A2%D7%95%D7%9F_%D7%94%D7%A4%D7%A7%D7%95%D7%9C%D7%99,Q18192222,,,,,,,
Geonim,Simeon Kayyara,שמעון קיירא,https://en.wikipedia.org/wiki/Simeon_Kayyara,https://he.wikipedia.org/wiki/%D7%A9%D7%9E%D7%A2%D7%95%D7%9F_%D7%A7%D7%99%D7%99%D7%A8%D7%90,Q7517607,,,,,,,
Tannaim,Simeon Shezuri,רבי שמעון שזורי,https://en.wikipedia.org/wiki/Simeon_Shezuri,https://he.wikipedia.org/wiki/%D7%A8%D7%91%D7%99_%D7%A9%D7%9E%D7%A2%D7%95%D7%9F_%D7%A9%D7%96%D7%95%D7%A8%D7%99,Q2902945,,,,,Galilee / הגליל,,
Tannaim,Simeon the Just,שמעון הצדיק,https://en.wikipedia.org/wiki/Simeon_the_Just,https://he.wikipedia.org/wiki/%D7%A9%D7%9E%D7%A2%D7%95%D7%9F_%D7%94%D7%A6%D7%93%D7%99%D7%A7,Q2664632,,Ezra / עזרא הסופר,Antigonus of Sokho / אנטיגנוס איש סוכו,,,,
Tannaim,Simeon the Yemenite,שמעון התימני,https://en.wikipedia.org/wiki/Simeon_the_Yemenite,https://he.wikipedia.org/wiki/%D7%A9%D7%9E%D7%A2%D7%95%D7%9F_%D7%94%D7%AA%D7%99%D7%9E%D7%A0%D7%99,Q2892375,,,,2c,Yemen / תימן,,
Biblical,Solomon,שלמה,https://en.wikipedia.org/wiki/Solomon,https://he.wikipedia.org/wiki/%D7%A9%D7%9C%D7%9E%D7%94,Q37085,David / דוד,,,990 BCE,Palestine / ארץ ישראל,931 BCE,Jerusalem / ירושלים
Geonim,Solomon ben Elijah ha-Cohen,שלמה הכהן גאון,https://en.wikipedia.org/wiki/Solomon_ben_Elijah_ha-Cohen,https://he.wikipedia.org/wiki/%D7%A9%D7%9C%D7%9E%D7%94_%D7%94%D7%9B%D7%94%D7%9F_%D7%92%D7%90%D7%95%D7%9F_%28%D7%94%D7%A9%D7%A0%D7%99%29,Q28039425,,,,,,,
Biblical,Susanna,שושנה,https://en.wikipedia.org/wiki/Susanna_%28Book_of_Daniel%29,,Q756861,,,,,,,
Tannaim,Symmachus ben Joseph,סומכוס,https://en.wikipedia.org/wiki/Symmachus_ben_Joseph,https://he.wikipedia.org/wiki/%D7%A1%D7%95%D7%9E%D7%9B%D7%95%D7%A1,Q2071105,,,,2c,Galilee / הגליל,,Syria Palaestina / סוריה פלשתינה
Biblical,Talmai,תלמי,https://en.wikipedia.org/wiki/Talmai,,Q2915994,Ammihud / עמיהוד מלך גשור,,,,,,
Biblical,Tamar,תמר,https://en.wikipedia.org/wiki/Tamar_%28daughter_of_David%29,https://he.wikipedia.org/wiki/%D7%AA%D7%9E%D7%A8_%28%D7%91%D7%AA_%D7%93%D7%95%D7%93%29,Q2917173,David / דוד,,,,Hebron / חברון,,
Biblical,Tamar,תמר,https://en.wikipedia.org/wiki/Tamar_%28Genesis%29,https://he.wikipedia.org/wiki/%D7%AA%D7%9E%D7%A8_%28%D7%A1%D7%A4%D7%A8_%D7%91%D7%A8%D7%90%D7%A9%D7%99%D7%AA%29,Q1030008,Elam / עילם; Shem / שם בן נח,,,,,,
Tannaim,Tannaim,תנאים,https://en.wikipedia.org/wiki/Tannaim,https://he.wikipedia.org/wiki/%D7%AA%D7%A0%D7%90%D7%99%D7%9D,Q975574,,,,,,,
Tannaim,Tarfon,רבי טרפון,https://en.wikipedia.org/wiki/Rabbi_Tarfon,https://he.wikipedia.org/wiki/%D7%A8%D7%91%D7%99_%D7%98%D7%A8%D7%A4%D7%95%D7%9F,Q1268142,,,,1c,Israel / ישראל,0130,Judaea / פרובינקיה יודיאה
Biblical,Tattenai,תתני,https://en.wikipedia.org/wiki/Tattenai,https://he.wikipedia.org/wiki/%D7%AA%D7%AA%D7%A0%D7%99,Q1641601,,,,6c BCE,,5c BCE,
Tannaim,Ten Martyrs,עשרת הרוגי מלכות,https://en.wikipedia.org/wiki/Ten_Martyrs,https://he.wikipedia.org/wiki/%D7%A2%D7%A9%D7%A8%D7%AA_%D7%94%D7%A8%D7%95%D7%92%D7%99_%D7%9E%D7%9C%D7%9B%D7%95%D7%AA,Q2916186,,,,,,,
Biblical,Terah,תרח,https://en.wikipedia.org/wiki/Terah,https://he.wikipedia.org/wiki/%D7%AA%D7%A8%D7%97,Q586541,Nahor / נחור,,,1883 BCE,,1678 BCE,Haran / חָרָן
Biblical,Tharbis,האישה הכושית,https://en.wikipedia.org/wiki/Tharbis,https://he.wikipedia.org/wiki/%D7%94%D7%90%D7%99%D7%A9%D7%94_%D7%94%D7%9B%D7%95%D7%A9%D7%99%D7%AA,Q7710759,,,,,Kingdom of Kush / ממלכת כוש,,
Tannaim,The ancient city of Tiberias,העיר העתיקה של טבריה,,https://he.wikipedia.org/wiki/%D7%94%D7%A2%D7%99%D7%A8_%D7%94%D7%A2%D7%AA%D7%99%D7%A7%D7%94_%D7%A9%D7%9C_%D7%98%D7%91%D7%A8%D7%99%D7%94,Q92149951,,,,,,,
Biblical kings,Tibni,תבני,https://en.wikipedia.org/wiki/Tibni,https://he.wikipedia.org/wiki/%D7%AA%D7%91%D7%A0%D7%99,Q887994,Ginath,,,10c BCE,,880 BCE,
Biblical,Tiras,תירס,https://en.wikipedia.org/wiki/Tiras,https://he.wikipedia.org/wiki/%D7%AA%D7%99%D7%A8%D7%A1_%28%D7%93%D7%9E%D7%95%D7%AA_%D7%9E%D7%A7%D7%A8%D7%90%D7%99%D7%AA%29,Q1481751,Japheth / יפת בן נח,,,,,,
Biblical,Tirzah,תרצה,https://en.wikipedia.org/wiki/Tirzah_%28name%29,,Q27587242,Zelophehad / צלפחד,,,,,,
Biblical,Tobiah,טוביה העמוני,https://en.wikipedia.org/wiki/Tobiah_%28Ammonite%29,https://he.wikipedia.org/wiki/%D7%98%D7%95%D7%91%D7%99%D7%94_%D7%94%D7%A2%D7%9E%D7%95%D7%A0%D7%99,Q4201578,,,,,,,
Biblical,Togarmah,תגרמה,https://en.wikipedia.org/wiki/Togarmah,https://he.wikipedia.org/wiki/%D7%AA%D7%95%D7%92%D7%A8%D7%9E%D7%94_%28%D7%93%D7%9E%D7%95%D7%AA_%D7%9E%D7%A7%D7%A8%D7%90%D7%99%D7%AA%29,Q1068499,Gomer / גומר בן יפת,,,,,,
Biblical,Tola,תולע בן פואה,https://en.wikipedia.org/wiki/Tola_%28biblical_figure%29,https://he.wikipedia.org/wiki/%D7%AA%D7%95%D7%9C%D7%A2_%D7%91%D7%9F_%D7%A4%D7%95%D7%90%D7%94,Q1516117,Puah,,,,,,
Amoraim,Ulla,עולא,https://en.wikipedia.org/wiki/Ulla_%28Talmudist%29,https://he.wikipedia.org/wiki/%D7%A2%D7%95%D7%9C%D7%90,Q1255590,,,,,,4c,
Biblical,Uriah (Book of Kings),אוריה הכהן,https://en.wikipedia.org/wiki/Uriah_%28Book_of_Kings%29,https://he.wikipedia.org/wiki/%D7%90%D7%95%D7%A8%D7%99%D7%94_%D7%94%D7%9B%D7%94%D7%9F_%28%D7%9B%D7%94%D7%9F_%D7%92%D7%93%D7%95%D7%9C%29,Q20502021,,,,,,,
Biblical,Urijah,אוריהו בן שמעיהו,https://en.wikipedia.org/wiki/Uriah_%28prophet%29,https://he.wikipedia.org/wiki/%D7%90%D7%95%D7%A8%D7%99%D7%94%D7%95_%D7%91%D7%9F_%D7%A9%D7%9E%D7%A2%D7%99%D7%94%D7%95,Q3206316,Shemaiah,,,,Kiriath-Jearim / תל קרית יערים,,Kingdom of Judah / ממלכת יהודה
Biblical,Uzai,Uzai,https://en.wikipedia.org/wiki/Uzai,,Q7904460,,,,,,,
Biblical,Uzal,אוזל,https://en.wikipedia.org/wiki/Uzal,https://he.wikipedia.org/wiki/%D7%90%D7%95%D7%96%D7%9C,Q7904500,Joktan / יקטן,,,,,,
Biblical,Uzzah,עוזה,https://en.wikipedia.org/wiki/Uzzah,https://he.wikipedia.org/wiki/%D7%A2%D7%95%D7%96%D7%90,Q4331914,,,,,,,
Biblical,Uzzi,Uzzi,https://en.wikipedia.org/wiki/Uzzi,,Q7905275,,,,,,,
Biblical kings,Uzziah,עוזיהו,https://en.wikipedia.org/wiki/Uzziah,https://he.wikipedia.org/wiki/%D7%A2%D7%95%D7%96%D7%99%D7%94%D7%95,Q313216,Amaziah / אמציהו,,,801 BCE,Jerusalem / ירושלים,733 BCE,Jerusalem / ירושלים
Biblical,Uzziel,עוזיאל,https://en.wikipedia.org/wiki/Uzziel,,Q4207606,Kohath / קהת,,,,,,
Tannaim,Yadua the Babylonian,ידוע הבבלי,https://en.wikipedia.org/wiki/Yadua_the_Babylonian,https://he.wikipedia.org/wiki/%D7%99%D7%93%D7%95%D7%A2_%D7%94%D7%91%D7%91%D7%9C%D7%99,Q2892416,,Rabbi Meir / רבי מאיר,,2c,Babylon / בבל,3c,Syria / סוריה
Biblical,Yael,יעל אשת חבר הקיני,https://en.wikipedia.org/wiki/Jael,https://he.wikipedia.org/wiki/%D7%99%D7%A2%D7%9C_%D7%90%D7%A9%D7%AA_%D7%97%D7%91%D7%A8_%D7%94%D7%A7%D7%99%D7%A0%D7%99,Q954820,,,,,,,
Rishonim,Yehuda Ha-Cohen Ibn Susan,יהודה הכהן אבן סוסאן,https://en.wikipedia.org/wiki/Yehuda_Ha-Cohen_Ibn_Susan,https://he.wikipedia.org/wiki/%D7%99%D7%94%D7%95%D7%93%D7%94_%D7%94%D7%9B%D7%94%D7%9F_%D7%90%D7%91%D7%9F_%D7%A1%D7%95%D7%A1%D7%90%D7%9F,Q94999263,,,"Moshe ben Maimon / רמב""ם",,,1165,
Geonim,Yehudai Gaon,יהודאי גאון,https://en.wikipedia.org/wiki/Yehudai_ben_Nahman,https://he.wikipedia.org/wiki/%D7%99%D7%94%D7%95%D7%93%D7%90%D7%99_%D7%92%D7%90%D7%95%D7%9F,Q455836,,,,0700,,0762,
Medieval Jewish,Yitzhak ha-Sangari,יצחק הסנגרי,https://en.wikipedia.org/wiki/Yitzhak_ha-Sangari,,Q4203497,,,,,,,
Tannaim,Yochanan ben HaChoranit,רבי יוחנן בן החורני,,https://he.wikipedia.org/wiki/%D7%A8%D7%91%D7%99_%D7%99%D7%95%D7%97%D7%A0%D7%9F_%D7%91%D7%9F_%D7%94%D7%97%D7%95%D7%A8%D7%A0%D7%99,Q20608469,,Shammai the elder / שמאי הזקן,Eleazar Bar Zadok / רבי אלעזר ברבי צדוק,,,,
Rishonim,Yom Tov of Falaise,יום טוב מפלייזא,https://en.wikipedia.org/wiki/Yom_Tov_of_Falaise,https://he.wikipedia.org/wiki/%D7%99%D7%95%D7%9D_%D7%98%D7%95%D7%91_%D7%9E%D7%A4%D7%9C%D7%99%D7%99%D7%96%D7%90,Q25490718,,,,,,,
Tannaim,Yose HaKohen,רבי יוסי הכהן,https://en.wikipedia.org/wiki/Yose_HaKohen,https://he.wikipedia.org/wiki/%D7%A8%D7%91%D7%99_%D7%99%D7%95%D7%A1%D7%99_%D7%94%D7%9B%D7%94%D7%9F,Q12411207,,Johanan ben Zakai / רבן יוחנן בן זכאי,,,,,
Biblical,Zadok,צדוק,https://en.wikipedia.org/wiki/Zadok,https://he.wikipedia.org/wiki/%D7%A6%D7%93%D7%95%D7%A7,Q140100,Ahitub / אחיטוב בן אמריה,,,,Land of Israel / ארץ ישראל,,
Biblical,Zaham,Zaham,https://en.wikipedia.org/wiki/Zaham,,Q8064608,Rehoboam / רחבעם,,,,,,
Rishonim,Zalman of St. Goar,Zalman of St. Goar,https://en.wikipedia.org/wiki/Zalman_of_Sankt_Goar,,Q134514055,,,,,,,
Biblical,Zebul,זבול (דמות מקראית),https://en.wikipedia.org/wiki/Zebul_%28biblical_figure%29,,Q16944355,,,,,,,
Biblical,Zebulun,זבולון,https://en.wikipedia.org/wiki/Zebulun,https://he.wikipedia.org/wiki/%D7%96%D7%91%D7%95%D7%9C%D7%95%D7%9F,Q614575,Jacob / יעקב,,,,Paddan Aram / פדן ארם,,
Biblical,Zechariah,זכריה הנביא,https://en.wikipedia.org/wiki/Zechariah_%28Hebrew_prophet%29,https://he.wikipedia.org/wiki/%D7%96%D7%9B%D7%A8%D7%99%D7%94_%D7%94%D7%A0%D7%91%D7%99%D7%90,Q604259,,,,6c BCE,,450 BCE,
Biblical,Zechariah,Zechariah,https://en.wikipedia.org/wiki/Zechariah_%28list_of_biblical_figures%29,,Q16291218,,,,,,,
Rishonim,Zechariah Aghmati,זכריה בן יהודה אגמאתי,https://en.wikipedia.org/wiki/Zechariah_Aghmati,https://he.wikipedia.org/wiki/%D7%96%D7%9B%D7%A8%D7%99%D7%94_%D7%91%D7%9F_%D7%99%D7%94%D7%95%D7%93%D7%94_%D7%90%D7%92%D7%9E%D7%90%D7%AA%D7%99,Q6967484,,,,1120,,1195,
Tannaim,Zechariah ben Abkilus,רבי זכריה בן אבקולס,https://en.wikipedia.org/wiki/Zechariah_ben_Abkilus,https://he.wikipedia.org/wiki/%D7%A8%D7%91%D7%99_%D7%96%D7%9B%D7%A8%D7%99%D7%94_%D7%91%D7%9F_%D7%90%D7%91%D7%A7%D7%95%D7%9C%D7%A1,Q6945551,,,,,,,
Biblical,Zechariah ben Jehoiada,זכריה בן יהוידע,https://en.wikipedia.org/wiki/Zechariah_ben_Jehoiada,https://he.wikipedia.org/wiki/%D7%96%D7%9B%D7%A8%D7%99%D7%94_%D7%91%D7%9F_%D7%99%D7%94%D7%95%D7%99%D7%93%D7%A2,Q2060131,Jehoiada / יהוידע הכהן,Jehoiada / יהוידע הכהן,Hosea / הושע בן בארי,,,9c BCE,
Rishonim,Zechariah ben Solomon-Rofe,זכריה הרופא,https://en.wikipedia.org/wiki/Zechariah_ha-Rof%C3%A9,https://he.wikipedia.org/wiki/%D7%96%D7%9B%D7%A8%D7%99%D7%94_%D7%94%D7%A8%D7%95%D7%A4%D7%90,Q7058653,,,,,,,
Biblical; Biblical kings,Zechariah of Israel,זכריהו בן ירבעם,https://en.wikipedia.org/wiki/Zechariah_of_Israel,https://he.wikipedia.org/wiki/%D7%96%D7%9B%D7%A8%D7%99%D7%94%D7%95_%D7%91%D7%9F_%D7%99%D7%A8%D7%91%D7%A2%D7%9D,Q334726,Jeroboam II / ירבעם השני,,,8c BCE,,752 BCE,Kingdom of Israel / ממלכת ישראל
Biblical; Biblical kings,Zedekiah,צדקיהו,https://en.wikipedia.org/wiki/Zedekiah,https://he.wikipedia.org/wiki/%D7%A6%D7%93%D7%A7%D7%99%D7%94%D7%95,Q184273,Josiah / יאשיהו,,,617 BCE,Jerusalem / ירושלים,550 BCE,Babylon / בבל
Geonim,Zemah ben Hayyim,צמח בן חיים,https://en.wikipedia.org/wiki/Zemah_ben_Hayyim,https://he.wikipedia.org/wiki/%D7%A6%D7%9E%D7%97_%D7%91%D7%9F_%D7%97%D7%99%D7%99%D7%9D,Q8068858,,,,,,,
Geonim,Zemah ben Paltoi,צמח בן פלטוי,https://en.wikipedia.org/wiki/Zemah_ben_Paltoi,https://he.wikipedia.org/wiki/%D7%A6%D7%9E%D7%97_%D7%91%D7%9F_%D7%A4%D7%9C%D7%98%D7%95%D7%99,Q25493321,,,,,,0890,
Biblical,Zephaniah,צפניה בן כושי,https://en.wikipedia.org/wiki/Zephaniah,https://he.wikipedia.org/wiki/%D7%A6%D7%A4%D7%A0%D7%99%D7%94_%D7%91%D7%9F_%D7%9B%D7%95%D7%A9%D7%99,Q1761359,Cushi / כושי,Habakkuk / חבקוק,Jeremiah / ירמיהו,701 BCE,Jerusalem / ירושלים,609 BCE,
Biblical,Zerah,זרח,https://en.wikipedia.org/wiki/Zerah,https://he.wikipedia.org/wiki/%D7%96%D7%A8%D7%97,Q3223065,Judah / יהודה,,,,,,
Biblical,Zeresh,זרש,https://en.wikipedia.org/wiki/Zeresh,https://he.wikipedia.org/wiki/%D7%96%D7%A8%D7%A9,Q939384,,,,,,,
Biblical,Zeruah,צרועה,https://en.wikipedia.org/wiki/Zeruah,https://he.wikipedia.org/wiki/%D7%A6%D7%A8%D7%95%D7%A2%D7%94,Q8069663,,,,,,,
Biblical,Zerubbabel,זרובבל בן שאלתיאל,https://en.wikipedia.org/wiki/Zerubbabel,https://he.wikipedia.org/wiki/%D7%96%D7%A8%D7%95%D7%91%D7%91%D7%9C_%D7%91%D7%9F_%D7%A9%D7%90%D7%9C%D7%AA%D7%99%D7%90%D7%9C,Q320139,Shealtiel / שאלתיאל; Pedaiah / פדיה,,,566 BCE,Babylon / בבל,510 BCE,Babylon / בבל
Biblical,Zeruiah,צרויה,https://en.wikipedia.org/wiki/Zeruiah,https://he.wikipedia.org/wiki/%D7%A6%D7%A8%D7%95%D7%99%D7%94,Q196771,Jesse / ישי,,,,,,
Biblical,Ziba,ציבא,https://en.wikipedia.org/wiki/Ziba_%28biblical_figure%29,https://he.wikipedia.org/wiki/%D7%A6%D7%99%D7%91%D7%90,Q8071402,,,,,,,
Biblical,Zilpa,זלפה,https://en.wikipedia.org/wiki/Zilpah,https://he.wikipedia.org/wiki/%D7%96%D7%9C%D7%A4%D7%94,Q221826,,,,,,,
Biblical; Biblical kings,Zimri,זמרי,https://en.wikipedia.org/wiki/Zimri_%28king%29,https://he.wikipedia.org/wiki/%D7%96%D7%9E%D7%A8%D7%99_%28%D7%9E%D7%9C%D7%9A_%D7%99%D7%A9%D7%A8%D7%90%D7%9C%29,Q313230,,,,10c BCE,,885 BCE; 873 BCE,Tirzah / תרצה
Biblical,Zimri,זמרי בן סלוא,https://en.wikipedia.org/wiki/Zimri_%28prince%29,https://he.wikipedia.org/wiki/%D7%96%D7%9E%D7%A8%D7%99_%D7%91%D7%9F_%D7%A1%D7%9C%D7%95%D7%90,Q203956,,,,,,,
Biblical,Ziph,זיף,https://en.wikipedia.org/wiki/Ziph,,Q8072635,,,,,,,
Biblical,Zipporah,צפורה,https://en.wikipedia.org/wiki/Zipporah,https://he.wikipedia.org/wiki/%D7%A6%D7%A4%D7%95%D7%A8%D7%94,Q205523,Jethro / יתרו,,,,,,
Tannaim,Zohar,ספר הזוהר,https://en.wikipedia.org/wiki/Zohar,https://he.wikipedia.org/wiki/%D7%A1%D7%A4%D7%A8_%D7%94%D7%96%D7%95%D7%94%D7%A8,Q205388,,,,,,,
Biblical,Zophah,Zophah,https://en.wikipedia.org/wiki/Zophah,,Q8074241,,,,,,,
Biblical,Zophar,צופר הנעמתי,https://en.wikipedia.org/wiki/Zophar,https://he.wikipedia.org/wiki/%D7%A6%D7%95%D7%A4%D7%A8_%D7%94%D7%A0%D7%A2%D7%9E%D7%AA%D7%99,Q3867348,,,,16c BCE,,16c BCE,
Tannaim,Zugot,תקופת הזוגות,https://en.wikipedia.org/wiki/Zugot,https://he.wikipedia.org/wiki/%D7%AA%D7%A7%D7%95%D7%A4%D7%AA_%D7%94%D7%96%D7%95%D7%92%D7%95%D7%AA,Q228480,,,,,,,
Biblical,Zuph,Zuph,https://en.wikipedia.org/wiki/Zuph,,Q8075332,,,,,,,
Tannaim,אבא (תנא),אבא (תנא),,https://he.wikipedia.org/wiki/%D7%90%D7%91%D7%90_%28%D7%AA%D7%A0%D7%90%29,Q126014757,,,,,Israel / ישראל,,
Tannaim,אבא בנימין,אבא בנימין,,https://he.wikipedia.org/wiki/%D7%90%D7%91%D7%90_%D7%91%D7%A0%D7%99%D7%9E%D7%99%D7%9F,Q30527571,,,,,,,
Tannaim,אבא יוסי חליקופרי איש טבעון,אבא יוסי חליקופרי איש טבעון,,https://he.wikipedia.org/wiki/%D7%90%D7%91%D7%90_%D7%99%D7%95%D7%A1%D7%99_%D7%97%D7%9C%D7%99%D7%A7%D7%95%D7%A4%D7%A8%D7%99_%D7%90%D7%99%D7%A9_%D7%98%D7%91%D7%A2%D7%95%D7%9F,Q21993862,,,,,,,
Tannaim,אבא יוסף הבנאי,אבא יוסף הבנאי,,https://he.wikipedia.org/wiki/%D7%90%D7%91%D7%90_%D7%99%D7%95%D7%A1%D7%A3_%D7%94%D7%91%D7%A0%D7%90%D7%99,Q55647221,,,,,,,
Tannaim,אבא שאול,אבא שאול,,https://he.wikipedia.org/wiki/%D7%90%D7%91%D7%90_%D7%A9%D7%90%D7%95%D7%9C_%28%D7%AA%D7%A0%D7%90%D7%99%D7%9D_%D7%A9%D7%95%D7%A0%D7%99%D7%9D%29,Q25498608,,,,,,,
Amoraim,אבימי בן רחבה,אבימי בן רחבה,,https://he.wikipedia.org/wiki/%D7%90%D7%91%D7%99%D7%9E%D7%99_%D7%91%D7%9F_%D7%A8%D7%97%D7%91%D7%94,Q19317835,,,,,,,
Amoraim,אבימי בר נאזי,אבימי בר נאזי,,https://he.wikipedia.org/wiki/%D7%90%D7%91%D7%99%D7%9E%D7%99_%D7%91%D7%A8_%D7%A0%D7%90%D7%96%D7%99,Q21035167,,,,,,,
Amoraim,אבימי בר פפי,אבימי בר פפי,,https://he.wikipedia.org/wiki/%D7%90%D7%91%D7%99%D7%9E%D7%99_%D7%91%D7%A8_%D7%A4%D7%A4%D7%99,Q18575248,,,,,,,
Amoraim,אבימי מהגרוניא,אבימי מהגרוניא,,https://he.wikipedia.org/wiki/%D7%90%D7%91%D7%99%D7%9E%D7%99_%D7%9E%D7%94%D7%92%D7%A8%D7%95%D7%A0%D7%99%D7%90,Q21035168,,,,,,,
Biblical,אהבת הגר,אהבת הגר,,https://he.wikipedia.org/wiki/%D7%90%D7%94%D7%91%D7%AA_%D7%94%D7%92%D7%A8,Q55649071,,,,,,,
Biblical,אחימלך בן אביתר,אחימלך בן אביתר,,https://he.wikipedia.org/wiki/%D7%90%D7%97%D7%99%D7%9E%D7%9C%D7%9A_%D7%91%D7%9F_%D7%90%D7%91%D7%99%D7%AA%D7%A8,Q20502061,Abiathar / אביתר,,,,,,
Biblical,אחימן ששי ותלמי,אחימן ששי ותלמי,,https://he.wikipedia.org/wiki/%D7%90%D7%97%D7%99%D7%9E%D7%9F_%D7%A9%D7%A9%D7%99_%D7%95%D7%AA%D7%9C%D7%9E%D7%99,Q25491082,,,,,,,
Biblical,איש האלוהים מיהודה,איש האלוהים מיהודה,,https://he.wikipedia.org/wiki/%D7%90%D7%99%D7%A9_%D7%94%D7%90%D7%9C%D7%95%D7%94%D7%99%D7%9D_%D7%9E%D7%99%D7%94%D7%95%D7%93%D7%94,Q85998031,,,,,,,
Tannaim,אלעזר בן חרסום,אלעזר בן חרסום,,https://he.wikipedia.org/wiki/%D7%90%D7%9C%D7%A2%D7%96%D7%A8_%D7%91%D7%9F_%D7%97%D7%A8%D7%A1%D7%95%D7%9D,Q6042401,,,,,,,
Geonim,אלעזר בר שמואל אלוף,אלעזר בר שמואל אלוף,,https://he.wikipedia.org/wiki/%D7%90%D7%9C%D7%A2%D7%96%D7%A8_%D7%91%D7%A8_%D7%A9%D7%9E%D7%95%D7%90%D7%9C_%D7%90%D7%9C%D7%95%D7%A3,Q131939283,,,,,Lucena / לוסנה,,
Tannaim,אם אין אני לי מי לי,אם אין אני לי מי לי,,https://he.wikipedia.org/wiki/%D7%90%D7%9D_%D7%90%D7%99%D7%9F_%D7%90%D7%A0%D7%99_%D7%9C%D7%99_%D7%9E%D7%99_%D7%9C%D7%99,Q85996638,,,,,,,
Tannaim,אמר רבי עקיבא,אמר רבי עקיבא,,https://he.wikipedia.org/wiki/%D7%90%D7%9E%D7%A8_%D7%A8%D7%91%D7%99_%D7%A2%D7%A7%D7%99%D7%91%D7%90,Q124005035,,,,,,,
Tannaim,ארזי הלבנון,ארזי הלבנון,,https://he.wikipedia.org/wiki/%D7%90%D7%A8%D7%96%D7%99_%D7%94%D7%9C%D7%91%D7%A0%D7%95%D7%9F_%28%D7%A7%D7%99%D7%A0%D7%94%29,Q55648271,,,,,,,
Tannaim,בן אחיה,בן אחיה,,https://he.wikipedia.org/wiki/%D7%91%D7%9F_%D7%90%D7%97%D7%99%D7%94,Q30526645,,,,,,,
Tannaim,בן בבי,בן בבי,,https://he.wikipedia.org/wiki/%D7%91%D7%9F_%D7%91%D7%91%D7%99,Q30526644,,,,,,,
Tannaim,בן הא הא,בן הא הא,,https://he.wikipedia.org/wiki/%D7%91%D7%9F_%D7%94%D7%90_%D7%94%D7%90,Q20606571,,,,,,,
Biblical,בני הנביאים,בני הנביאים,,https://he.wikipedia.org/wiki/%D7%91%D7%A0%D7%99_%D7%94%D7%A0%D7%91%D7%99%D7%90%D7%99%D7%9D,Q6611545,,,,,,,
Biblical,בני משה שמעבר לסמבטיון,בני משה שמעבר לסמבטיון,,https://he.wikipedia.org/wiki/%D7%91%D7%A0%D7%99_%D7%9E%D7%A9%D7%94_%D7%A9%D7%9E%D7%A2%D7%91%D7%A8_%D7%9C%D7%A1%D7%9E%D7%91%D7%98%D7%99%D7%95%D7%9F,Q112247700,,,,,,,
Biblical,בני עבדי שלמה,בני עבדי שלמה,,https://he.wikipedia.org/wiki/%D7%91%D7%A0%D7%99_%D7%A2%D7%91%D7%93%D7%99_%D7%A9%D7%9C%D7%9E%D7%94,Q18191432,,,,,,,
Biblical,בני קטורה,בני קטורה,,https://he.wikipedia.org/wiki/%D7%91%D7%A0%D7%99_%D7%A7%D7%98%D7%95%D7%A8%D7%94,Q6703869,,,,,,,
Tannaim,בני רבי חייא,בני רבי חייא,,https://he.wikipedia.org/wiki/%D7%91%D7%A0%D7%99_%D7%A8%D7%91%D7%99_%D7%97%D7%99%D7%99%D7%90,Q6952348,,,,,,,
Tannaim,בנימין הצדיק,בנימין הצדיק,,https://he.wikipedia.org/wiki/%D7%91%D7%A0%D7%99%D7%9E%D7%99%D7%9F_%D7%94%D7%A6%D7%93%D7%99%D7%A7,Q30527575,,,,,,,
Tannaim,ברייתא דרבי עקיבא,ברייתא דרבי עקיבא,,https://he.wikipedia.org/wiki/%D7%91%D7%A8%D7%99%D7%99%D7%AA%D7%90_%D7%93%D7%A8%D7%91%D7%99_%D7%A2%D7%A7%D7%99%D7%91%D7%90,Q97221675,,,,,,,
Biblical,ברית יצחק ואבימלך,ברית יצחק ואבימלך,,https://he.wikipedia.org/wiki/%D7%91%D7%A8%D7%99%D7%AA_%D7%99%D7%A6%D7%97%D7%A7_%D7%95%D7%90%D7%91%D7%99%D7%9E%D7%9C%D7%9A,Q113557698,,,,,,,
Tannaim,דבי רבי עקיבא ודבי רבי ישמעאל,דבי רבי עקיבא ודבי רבי ישמעאל,,https://he.wikipedia.org/wiki/%D7%93%D7%91%D7%99_%D7%A8%D7%91%D7%99_%D7%A2%D7%A7%D7%99%D7%91%D7%90_%D7%95%D7%93%D7%91%D7%99_%D7%A8%D7%91%D7%99_%D7%99%D7%A9%D7%9E%D7%A2%D7%90%D7%9C,Q112415951,,,,,,,
Biblical,דוד וישבי,דוד וישבי,,https://he.wikipedia.org/wiki/%D7%93%D7%95%D7%93_%D7%95%D7%99%D7%A9%D7%91%D7%99,Q133883476,,,,,,,
Tannaim,הוגרס בן לוי,הוגרס בן לוי,,https://he.wikipedia.org/wiki/%D7%94%D7%95%D7%92%D7%A8%D7%A1_%D7%91%D7%9F_%D7%9C%D7%95%D7%99,Q30526641,,,,,,,
Biblical,הוהם מלך חברון,הוהם מלך חברון,,https://he.wikipedia.org/wiki/%D7%94%D7%95%D7%94%D7%9D_%D7%9E%D7%9C%D7%9A_%D7%97%D7%91%D7%A8%D7%95%D7%9F,Q25497393,,,,,,,
Tannaim,הולך בדרכו עקיבא,הולך בדרכו עקיבא,,https://he.wikipedia.org/wiki/%D7%94%D7%95%D7%9C%D7%9A_%D7%91%D7%93%D7%A8%D7%9B%D7%95_%D7%A2%D7%A7%D7%99%D7%91%D7%90,Q6569466,,,,,,,
Biblical,הורם מלך גזר,הורם מלך גזר,,https://he.wikipedia.org/wiki/%D7%94%D7%95%D7%A8%D7%9D_%D7%9E%D7%9C%D7%9A_%D7%92%D7%96%D7%A8,Q30526736,,,,,,,
Tannaim,הלל לומד תורה,הלל לומד תורה,,https://he.wikipedia.org/wiki/%D7%94%D7%9C%D7%9C_%D7%9C%D7%95%D7%9E%D7%93_%D7%AA%D7%95%D7%A8%D7%94,Q30526875,,,,,,,
Biblical,הנבואה במסורת ישראל,הנבואה במסורת ישראל,,https://he.wikipedia.org/wiki/%D7%94%D7%A0%D7%91%D7%95%D7%90%D7%94_%D7%91%D7%9E%D7%A1%D7%95%D7%A8%D7%AA_%D7%99%D7%A9%D7%A8%D7%90%D7%9C,Q6260530,,,,,,,
Biblical,הנביא מבית אל,הנביא מבית אל,,https://he.wikipedia.org/wiki/%D7%94%D7%A0%D7%91%D7%99%D7%90_%D7%9E%D7%91%D7%99%D7%AA_%D7%90%D7%9C,Q85998173,,,,,,,
Tannaim,הפרדס של עקיבא,הפרדס של עקיבא,,https://he.wikipedia.org/wiki/%D7%94%D7%A4%D7%A8%D7%93%D7%A1_%D7%A9%D7%9C_%D7%A2%D7%A7%D7%99%D7%91%D7%90,Q18191716,,,,,,,
Biblical,הקדשה לנבואה,הקדשה לנבואה,,https://he.wikipedia.org/wiki/%D7%94%D7%A7%D7%93%D7%A9%D7%94_%D7%9C%D7%A0%D7%91%D7%95%D7%90%D7%94,Q6260561,,,,,,,
Tannaim,השועל והדגים,השועל והדגים,,https://he.wikipedia.org/wiki/%D7%94%D7%A9%D7%95%D7%A2%D7%9C_%D7%95%D7%94%D7%93%D7%92%D7%99%D7%9D,Q30527063,,,,,,,
Tannaim,ואמרתם כה לחי,ואמרתם כה לחי,,https://he.wikipedia.org/wiki/%D7%95%D7%90%D7%9E%D7%A8%D7%AA%D7%9D_%D7%9B%D7%94_%D7%9C%D7%97%D7%99,Q7025365,,,,,,,
Tannaim,זכריה בן הקצב,זכריה בן הקצב,,https://he.wikipedia.org/wiki/%D7%A8%D7%91%D7%99_%D7%96%D7%9B%D7%A8%D7%99%D7%94_%D7%91%D7%9F_%D7%94%D7%A7%D7%A6%D7%91,Q42054008,,,,1c,Judaea / פרובינקיה יודיאה,,Judaea / פרובינקיה יודיאה
Tannaim,זכריה בן קבוטל,זכריה בן קבוטל,,https://he.wikipedia.org/wiki/%D7%96%D7%9B%D7%A8%D7%99%D7%94_%D7%91%D7%9F_%D7%A7%D7%91%D7%95%D7%98%D7%9C,Q115562388,,,,,,,
Biblical,זכריהו,זכריהו,,https://he.wikipedia.org/wiki/%D7%96%D7%9B%D7%A8%D7%99%D7%94%D7%95,Q20502302,,,,,,,
Tannaim,חיבור ספר הזוהר,חיבור ספר הזוהר,,https://he.wikipedia.org/wiki/%D7%97%D7%99%D7%91%D7%95%D7%A8_%D7%A1%D7%A4%D7%A8_%D7%94%D7%96%D7%95%D7%94%D7%A8,Q16132443,,,,,,,
Tannaim,חכמי יבנה ברומא,חכמי יבנה ברומא,,https://he.wikipedia.org/wiki/%D7%97%D7%9B%D7%9E%D7%99_%D7%99%D7%91%D7%A0%D7%94_%D7%91%D7%A8%D7%95%D7%9E%D7%90,Q12407515,,,,,,,
Tannaim,חנן בן אבישלום,חנן בן אבישלום,,https://he.wikipedia.org/wiki/%D7%97%D7%A0%D7%9F_%D7%91%D7%9F_%D7%90%D7%91%D7%99%D7%A9%D7%9C%D7%95%D7%9D,Q7212350,,,,,,,
Biblical,חנן בן יגדליהו,חנן בן יגדליהו,,https://he.wikipedia.org/wiki/%D7%97%D7%A0%D7%9F_%D7%91%D7%9F_%D7%99%D7%92%D7%93%D7%9C%D7%99%D7%94%D7%95,Q18191828,,,,,,,
Tannaim,חנן הנחבא,חנן הנחבא,,https://he.wikipedia.org/wiki/%D7%97%D7%A0%D7%9F_%D7%94%D7%A0%D7%97%D7%91%D7%90,Q115786078,,,,,,,
Tannaim,טוב שבגויים הרוג,טוב שבגויים הרוג,,https://he.wikipedia.org/wiki/%D7%98%D7%95%D7%91_%D7%A9%D7%91%D7%92%D7%95%D7%99%D7%99%D7%9D_%D7%94%D7%A8%D7%95%D7%92,Q116025485,,,,,,,
Tannaim,יהודה בן גרים,יהודה בן גרים,,https://he.wikipedia.org/wiki/%D7%99%D7%94%D7%95%D7%93%D7%94_%D7%91%D7%9F_%D7%92%D7%A8%D7%99%D7%9D,Q93892988,,Shimon bar Yochai / שמעון בר יוחאי,,,Judaea / פרובינקיה יודיאה,2c,Syria Palaestina / סוריה פלשתינה
Tannaim,יהודה בן דורתאי,יהודה בן דורתאי,,https://he.wikipedia.org/wiki/%D7%99%D7%94%D7%95%D7%93%D7%94_%D7%91%D7%9F_%D7%93%D7%95%D7%A8%D7%AA%D7%90%D7%99,Q6579674,,,,,,,
Tannaim,יהודה בן נחמיה,יהודה בן נחמיה,,https://he.wikipedia.org/wiki/%D7%99%D7%94%D7%95%D7%93%D7%94_%D7%91%D7%9F_%D7%A0%D7%97%D7%9E%D7%99%D7%94,Q123819771,,,,,,,
Biblical,יואל ואביה בני שמואל,יואל ואביה בני שמואל,,https://he.wikipedia.org/wiki/%D7%99%D7%95%D7%90%D7%9C_%D7%95%D7%90%D7%91%D7%99%D7%94_%D7%91%D7%A0%D7%99_%D7%A9%D7%9E%D7%95%D7%90%D7%9C,Q7037827,,,,,,,
Tannaim,יוחאי,יוחאי,,https://he.wikipedia.org/wiki/%D7%99%D7%95%D7%97%D7%90%D7%99,Q122833420,,,,,Judaea / פרובינקיה יודיאה,,Judaea / פרובינקיה יודיאה
Amoraim,יוחנן דקציון,יוחנן דקציון,,https://he.wikipedia.org/wiki/%D7%99%D7%95%D7%97%D7%A0%D7%9F_%D7%93%D7%A7%D7%A6%D7%99%D7%95%D7%9F,Q125876825,,,,,Syria Palaestina / סוריה פלשתינה,,Syria Palaestina / סוריה פלשתינה
Tannaim,יוחנן כהן גדול,יוחנן כהן גדול,,https://he.wikipedia.org/wiki/%D7%99%D7%95%D7%97%D7%A0%D7%9F_%D7%9B%D7%94%D7%9F_%D7%92%D7%93%D7%95%D7%9C,Q20608481,,,,,,,
Biblical,יוסף משיתא,יוסף משיתא,,https://he.wikipedia.org/wiki/%D7%99%D7%95%D7%A1%D7%A3_%D7%9E%D7%A9%D7%99%D7%AA%D7%90,Q6609470,,,,,,,
Tannaim,יועזר איש הבירה,יועזר איש הבירה,,https://he.wikipedia.org/wiki/%D7%99%D7%95%D7%A2%D7%96%D7%A8_%D7%90%D7%99%D7%A9_%D7%94%D7%91%D7%99%D7%A8%D7%94,Q28969653,,,,,,,
Biblical,יחזיאל הלוי,יחזיאל הלוי,,https://he.wikipedia.org/wiki/%D7%99%D7%97%D7%96%D7%99%D7%90%D7%9C_%D7%94%D7%9C%D7%95%D7%99,Q61126618,,,,,,,
Biblical,יפיע מלך לכיש,יפיע מלך לכיש,,https://he.wikipedia.org/wiki/%D7%99%D7%A4%D7%99%D7%A2_%D7%9E%D7%9C%D7%9A_%D7%9C%D7%9B%D7%99%D7%A9,Q25497360,,,,,,,
Tannaim,"ישיבת רשב""י","ישיבת רשב""י",,https://he.wikipedia.org/wiki/%D7%99%D7%A9%D7%99%D7%91%D7%AA_%D7%A8%D7%A9%D7%91%22%D7%99,Q12408364,,,,,,,
Tannaim,"ל""ג בעומר","ל""ג בעומר",https://en.wikipedia.org/wiki/Lag_BaOmer,https://he.wikipedia.org/wiki/%D7%9C%22%D7%92_%D7%91%D7%A2%D7%95%D7%9E%D7%A8,Q748801,,,,,,,
Biblical,מדון,מדון,,https://he.wikipedia.org/wiki/%D7%9E%D7%93%D7%95%D7%9F,Q6583825,,,,,,,
Biblical,מיילדות במקרא,מיילדות במקרא,,https://he.wikipedia.org/wiki/%D7%9E%D7%99%D7%99%D7%9C%D7%93%D7%95%D7%AA_%D7%91%D7%9E%D7%A7%D7%A8%D7%90,Q30527082,,,,,,,
Tannaim,מיתת תלמידי רבי עקיבא,מיתת תלמידי רבי עקיבא,,https://he.wikipedia.org/wiki/%D7%9E%D7%99%D7%AA%D7%AA_%D7%AA%D7%9C%D7%9E%D7%99%D7%93%D7%99_%D7%A8%D7%91%D7%99_%D7%A2%D7%A7%D7%99%D7%91%D7%90,Q55655147,,,,,,,
Biblical,מלחמת מלך ערד,מלחמת מלך ערד,,https://he.wikipedia.org/wiki/%D7%9E%D7%9C%D7%97%D7%9E%D7%AA_%D7%9E%D7%9C%D7%9A_%D7%A2%D7%A8%D7%93,Q115286875,,,,,,,
Biblical,מלכת,מלכת,,https://he.wikipedia.org/wiki/%D7%9E%D7%9C%D7%9B%D7%AA,Q128190009,Machir / מכיר; Hezron / חצרון; Zelophehad / צלפחד,,,,,,
Tannaim,מערת הלל,מערת הלל,,https://he.wikipedia.org/wiki/%D7%9E%D7%A2%D7%A8%D7%AA_%D7%94%D7%9C%D7%9C,Q31197483,,,,,,,
Tannaim,מערת רבי שמעון בר יוחאי,מערת רבי שמעון בר יוחאי,,https://he.wikipedia.org/wiki/%D7%9E%D7%A2%D7%A8%D7%AA_%D7%A8%D7%91%D7%99_%D7%A9%D7%9E%D7%A2%D7%95%D7%9F_%D7%91%D7%A8_%D7%99%D7%95%D7%97%D7%90%D7%99,Q6961542,,,,,,,
Biblical,מציאת אישה ליצחק,מציאת אישה ליצחק,,https://he.wikipedia.org/wiki/%D7%9E%D7%A6%D7%99%D7%90%D7%AA_%D7%90%D7%99%D7%A9%D7%94_%D7%9C%D7%99%D7%A6%D7%97%D7%A7,Q97216860,,,,,,,
Biblical,מתו בעטיו של נחש,מתו בעטיו של נחש,,https://he.wikipedia.org/wiki/%D7%9E%D7%AA%D7%95_%D7%91%D7%A2%D7%98%D7%99%D7%95_%D7%A9%D7%9C_%D7%A0%D7%97%D7%A9,Q125945423,,,,,,,
Tannaim,נחום הלבלר,נחום הלבלר,,https://he.wikipedia.org/wiki/%D7%A0%D7%97%D7%95%D7%9D_%D7%94%D7%9C%D7%91%D7%9C%D7%A8,Q20609267,,,,,,,
Amoraim,נחותי,נחותי,,https://he.wikipedia.org/wiki/%D7%A0%D7%97%D7%95%D7%AA%D7%99,Q6818570,,,,,,,
Tannaim,נחמיה איש שיחין,נחמיה איש שיחין,,https://he.wikipedia.org/wiki/%D7%A0%D7%97%D7%9E%D7%99%D7%94_%D7%90%D7%99%D7%A9_%D7%A9%D7%99%D7%97%D7%99%D7%9F,Q61126564,,,,,,,
Tannaim,נחמיה העמסוני,נחמיה העמסוני,,https://he.wikipedia.org/wiki/%D7%A0%D7%97%D7%9E%D7%99%D7%94_%D7%94%D7%A2%D7%9E%D7%A1%D7%95%D7%A0%D7%99,Q6580650,,,,,,,
Biblical,נס אסוך השמן,נס אסוך השמן,,https://he.wikipedia.org/wiki/%D7%A0%D7%A1_%D7%90%D7%A1%D7%95%D7%9A_%D7%94%D7%A9%D7%9E%D7%9F,Q16131279,,,,,,,
Biblical,סוא מלך מצרים,סוא מלך מצרים,,https://he.wikipedia.org/wiki/%D7%A1%D7%95%D7%90_%D7%9E%D7%9C%D7%9A_%D7%9E%D7%A6%D7%A8%D7%99%D7%9D,Q6760545,,,,,,,
Biblical,עילי האחוחי,עילי האחוחי,,https://he.wikipedia.org/wiki/%D7%A2%D7%99%D7%9C%D7%99_%D7%94%D7%90%D7%97%D7%95%D7%97%D7%99,Q6644794,,,,,,,
Biblical,עירא היאירי,עירא היאירי,,https://he.wikipedia.org/wiki/%D7%A2%D7%99%D7%A8%D7%90_%D7%94%D7%99%D7%90%D7%99%D7%A8%D7%99,Q6559090,,,,,,,
Tannaim,על דאטפת אטפוך,על דאטפת אטפוך,,https://he.wikipedia.org/wiki/%D7%A2%D7%9C_%D7%93%D7%90%D7%98%D7%A4%D7%AA_%D7%90%D7%98%D7%A4%D7%95%D7%9A,Q6915920,,,,,,,
Biblical,"ענר, אשכול וממרא","ענר, אשכול וממרא",,https://he.wikipedia.org/wiki/%D7%A2%D7%A0%D7%A8%2C_%D7%90%D7%A9%D7%9B%D7%95%D7%9C_%D7%95%D7%9E%D7%9E%D7%A8%D7%90,Q28492829,,,,,,,
Tannaim,פיוט אלה אזכרה,פיוט אלה אזכרה,,https://he.wikipedia.org/wiki/%D7%90%D7%9C%D7%94_%D7%90%D7%96%D7%9B%D7%A8%D7%94,Q120967665,,,,,,,
Tannaim,פלימו,פלימו,,https://he.wikipedia.org/wiki/%D7%A4%D7%9C%D7%99%D7%9E%D7%95,Q111273415,,,,,,,
Biblical,פראם,פראם,,https://he.wikipedia.org/wiki/%D7%A4%D7%A8%D7%90%D7%9D,Q25497351,,,,,,,
Biblical,פרעה,פרעה,,https://he.wikipedia.org/wiki/%D7%A4%D7%A8%D7%A2%D7%94_%28%D7%91%D7%99%D7%9E%D7%99_%D7%9E%D7%A9%D7%94%29,Q85996794,,,,,,,
Tannaim,פרקי רבי יאשיה,פרקי רבי יאשיה,,https://he.wikipedia.org/wiki/%D7%A4%D7%A8%D7%A7%D7%99_%D7%A8%D7%91%D7%99_%D7%99%D7%90%D7%A9%D7%99%D7%94,Q138756917,,,,,,,
Biblical,פשחור בן מלכיה,פשחור בן מלכיה,,https://he.wikipedia.org/wiki/%D7%A4%D7%A9%D7%97%D7%95%D7%A8_%D7%91%D7%9F_%D7%9E%D7%9C%D7%9B%D7%99%D7%94,Q30527364,,,,,,,
Biblical,צלק העמוני,צלק העמוני,,https://he.wikipedia.org/wiki/%D7%A6%D7%9C%D7%A7_%D7%94%D7%A2%D7%9E%D7%95%D7%A0%D7%99,Q65249940,,,,,,,
Biblical,צפניה בן מעשיה,צפניה בן מעשיה,,https://he.wikipedia.org/wiki/%D7%A6%D7%A4%D7%A0%D7%99%D7%94_%D7%91%D7%9F_%D7%9E%D7%A2%D7%A9%D7%99%D7%94,Q18388428,,,,,,,
Amoraim,רב אבדימי בר חמא בר חסא,רב אבדימי בר חמא בר חסא,,https://he.wikipedia.org/wiki/%D7%A8%D7%91_%D7%90%D7%91%D7%93%D7%99%D7%9E%D7%99_%D7%91%D7%A8_%D7%97%D7%9E%D7%90_%D7%91%D7%A8_%D7%97%D7%A1%D7%90,Q30526578,,,,,,,
Amoraim,רב אחדבוי בר אמי,רב אחדבוי בר אמי,,https://he.wikipedia.org/wiki/%D7%A8%D7%91_%D7%90%D7%97%D7%93%D7%91%D7%95%D7%99_%D7%91%D7%A8_%D7%90%D7%9E%D7%99,Q16133482,,,,,,,
Amoraim,רב הונא (הכהן),רב הונא (הכהן),,https://he.wikipedia.org/wiki/%D7%A8%D7%91_%D7%94%D7%95%D7%A0%D7%90_%28%D7%94%D7%9B%D7%94%D7%9F%29,Q12411198,,,,,,,
Amoraim; Tannaim,רב הינק,רב הינק,,https://he.wikipedia.org/wiki/%D7%A8%D7%91_%D7%94%D7%99%D7%A0%D7%A7,Q6539352,,,,,,,
Amoraim,רב זביד מנהרדעא,רב זביד מנהרדעא,,https://he.wikipedia.org/wiki/%D7%A8%D7%91_%D7%96%D7%91%D7%99%D7%93_%D7%9E%D7%A0%D7%94%D7%A8%D7%93%D7%A2%D7%90,Q6578146,,,,,,,
Amoraim,רב סעורם,רב סעורם,,https://he.wikipedia.org/wiki/%D7%A8%D7%91_%D7%A1%D7%A2%D7%95%D7%A8%D7%9D,Q18388206,,,,,,,
Tannaim,רבי אלעזר בן חנניה,רבי אלעזר בן חנניה,,https://he.wikipedia.org/wiki/%D7%A8%D7%91%D7%99_%D7%90%D7%9C%D7%A2%D7%96%D7%A8_%D7%91%D7%9F_%D7%97%D7%A0%D7%A0%D7%99%D7%94,Q6575870,,,,,,,
Tannaim,רבי אלעזר בן מתיא,רבי אלעזר בן מתיא,,https://he.wikipedia.org/wiki/%D7%A8%D7%91%D7%99_%D7%90%D7%9C%D7%A2%D7%96%D7%A8_%D7%91%D7%9F_%D7%9E%D7%AA%D7%99%D7%90,Q110567722,,,,,,,
Tannaim,רבי זוטרא,רבי זוטרא,,https://he.wikipedia.org/wiki/%D7%A8%D7%91%D7%99_%D7%96%D7%95%D7%98%D7%A8%D7%90,Q85988567,,,,,,,
Tannaim,רבי חנינא איש אונו,רבי חנינא איש אונו,,https://he.wikipedia.org/wiki/%D7%A8%D7%91%D7%99_%D7%97%D7%A0%D7%99%D7%A0%D7%90_%D7%90%D7%99%D7%A9_%D7%90%D7%95%D7%A0%D7%95,Q19927860,,,,,,,
Tannaim,רבי חנינא בן רבי יוסי הגלילי,רבי חנינא בן רבי יוסי הגלילי,,https://he.wikipedia.org/wiki/%D7%A8%D7%91%D7%99_%D7%97%D7%A0%D7%99%D7%A0%D7%90_%D7%91%D7%9F_%D7%A8%D7%91%D7%99_%D7%99%D7%95%D7%A1%D7%99_%D7%94%D7%92%D7%9C%D7%99%D7%9C%D7%99,Q108207671,,,,,,,
Tannaim,רבי יהודה בן בתירא השני,רבי יהודה בן בתירא השני,,https://he.wikipedia.org/wiki/%D7%A8%D7%91%D7%99_%D7%99%D7%94%D7%95%D7%93%D7%94_%D7%91%D7%9F_%D7%91%D7%AA%D7%99%D7%A8%D7%90_%D7%94%D7%A9%D7%A0%D7%99,Q92636151,,,,,,,
Amoraim,רבי יהודה בן פזי,רבי יהודה בן פזי,,https://he.wikipedia.org/wiki/%D7%A8%D7%91%D7%99_%D7%99%D7%94%D7%95%D7%93%D7%94_%D7%91%D7%9F_%D7%A4%D7%96%D7%99,Q16133498,,,,,,,
Tannaim,רבי יהודה בן קנוסא,רבי יהודה בן קנוסא,,https://he.wikipedia.org/wiki/%D7%A8%D7%91%D7%99_%D7%99%D7%94%D7%95%D7%93%D7%94_%D7%91%D7%9F_%D7%A7%D7%A0%D7%95%D7%A1%D7%90,Q105152781,,Hiyya the Great / רבי חייא,,,,,Syria Palaestina / סוריה פלשתינה
Tannaim,רבי יהושע בן כפוסאי,רבי יהושע בן כפוסאי,,https://he.wikipedia.org/wiki/%D7%A8%D7%91%D7%99_%D7%99%D7%94%D7%95%D7%A9%D7%A2_%D7%91%D7%9F_%D7%9B%D7%A4%D7%95%D7%A1%D7%90%D7%99,Q121076392,,,,,,,
Tannaim,רבי יהושע דסכנין,רבי יהושע דסכנין,,https://he.wikipedia.org/wiki/%D7%A8%D7%91%D7%99_%D7%99%D7%94%D7%95%D7%A9%D7%A2_%D7%93%D7%A1%D7%9B%D7%A0%D7%99%D7%9F,Q6768858,,Levi II / רבי לוי,,,,,
Tannaim,רבי יהושע הגרסי,רבי יהושע הגרסי,,https://he.wikipedia.org/wiki/%D7%A8%D7%91%D7%99_%D7%99%D7%94%D7%95%D7%A9%D7%A2_%D7%94%D7%92%D7%A8%D7%A1%D7%99,Q64590733,,Akiva ben Joseph / רבי עקיבא בן יוסף,,,,,
Tannaim,רבי יוחנן בן גודגדא,רבי יוחנן בן גודגדא,,https://he.wikipedia.org/wiki/%D7%A8%D7%91%D7%99_%D7%99%D7%95%D7%97%D7%A0%D7%9F_%D7%91%D7%9F_%D7%92%D7%95%D7%93%D7%92%D7%93%D7%90,Q6652492,,,,,Judaea / פרובינקיה יודיאה,,Judaea / פרובינקיה יודיאה
Tannaim,רבי יונתן בן הרכינס,רבי יונתן בן הרכינס,,https://he.wikipedia.org/wiki/%D7%A8%D7%91%D7%99_%D7%99%D7%95%D7%A0%D7%AA%D7%9F_%D7%91%D7%9F_%D7%94%D7%A8%D7%9B%D7%99%D7%A0%D7%A1,Q27990327,,,,,Judaea / פרובינקיה יודיאה,,Judaea / פרובינקיה יודיאה
Tannaim,רבי יוסי בן דורמסקית,רבי יוסי בן דורמסקית,,https://he.wikipedia.org/wiki/%D7%A8%D7%91%D7%99_%D7%99%D7%95%D7%A1%D7%99_%D7%91%D7%9F_%D7%93%D7%95%D7%A8%D7%9E%D7%A1%D7%A7%D7%99%D7%AA,Q6807453,,,,,,,
Tannaim,רבי יוסי בן החוטף אפרתי,רבי יוסי בן החוטף אפרתי,,https://he.wikipedia.org/wiki/%D7%A8%D7%91%D7%99_%D7%99%D7%95%D7%A1%D7%99_%D7%91%D7%9F_%D7%94%D7%97%D7%95%D7%98%D7%A3_%D7%90%D7%A4%D7%A8%D7%AA%D7%99,Q20608513,,,,,,,
Tannaim,רבי יוסי בן כיפר,רבי יוסי בן כיפר,,https://he.wikipedia.org/wiki/%D7%A8%D7%91%D7%99_%D7%99%D7%95%D7%A1%D7%99_%D7%91%D7%9F_%D7%9B%D7%99%D7%A4%D7%A8,Q106322405,,,,,Land of Israel / ארץ ישראל,,
Tannaim,רבי יוסי בן פטרוס,רבי יוסי בן פטרוס,,https://he.wikipedia.org/wiki/%D7%A8%D7%91%D7%99_%D7%99%D7%95%D7%A1%D7%99_%D7%91%D7%9F_%D7%A4%D7%98%D7%A8%D7%95%D7%A1,Q100876974,,,,3c,Syria Palaestina / סוריה פלשתינה,,Syria Palaestina / סוריה פלשתינה
Tannaim,רבי יוסי בר יהודה איש כפר הבבלי,רבי יוסי בר יהודה איש כפר הבבלי,,https://he.wikipedia.org/wiki/%D7%A8%D7%91%D7%99_%D7%99%D7%95%D7%A1%D7%99_%D7%91%D7%A8_%D7%99%D7%94%D7%95%D7%93%D7%94_%D7%90%D7%99%D7%A9_%D7%9B%D7%A4%D7%A8_%D7%94%D7%91%D7%91%D7%9C%D7%99,Q86007023,,,,,,,
Tannaim,רבי יוסף הכהן (תנא),רבי יוסף הכהן (תנא),,https://he.wikipedia.org/wiki/%D7%A8%D7%91%D7%99_%D7%99%D7%95%D7%A1%D7%A3_%D7%94%D7%9B%D7%94%D7%9F_%28%D7%AA%D7%A0%D7%90%29,Q120754352,,,,,,,
Tannaim,רבי ינאי,רבי ינאי,,https://he.wikipedia.org/wiki/%D7%A8%D7%91%D7%99_%D7%99%D7%A0%D7%90%D7%99_%28%D7%AA%D7%A0%D7%90%29,Q106368055,,,,2c,Syria Palaestina / סוריה פלשתינה,2c,Syria Palaestina / סוריה פלשתינה
Tannaim,רבי יעקב,רבי יעקב,,https://he.wikipedia.org/wiki/%D7%A8%D7%91%D7%99_%D7%99%D7%A2%D7%A7%D7%91_%28%D7%AA%D7%A0%D7%90%29,Q55650354,,,,,,,
Tannaim,רבי יצחק (תנא),רבי יצחק (תנא),,https://he.wikipedia.org/wiki/%D7%A8%D7%91%D7%99_%D7%99%D7%A6%D7%97%D7%A7_%28%D7%AA%D7%A0%D7%90%29,Q6499611,,,,,,,
Amoraim,רבי יצחק דמן קרטיגנין,רבי יצחק דמן קרטיגנין,,https://he.wikipedia.org/wiki/%D7%A8%D7%91%D7%99_%D7%99%D7%A6%D7%97%D7%A7_%D7%93%D7%9E%D7%9F_%D7%A7%D7%A8%D7%98%D7%99%D7%92%D7%A0%D7%99%D7%9F,Q20502838,,,,,,,
Tannaim,רבי יקים איש חדיד,רבי יקים איש חדיד,,https://he.wikipedia.org/wiki/%D7%A8%D7%91%D7%99_%D7%99%D7%A7%D7%99%D7%9D_%D7%90%D7%99%D7%A9_%D7%97%D7%93%D7%99%D7%93,Q21993877,,,,,Judaea / פרובינקיה יודיאה,,Judaea / פרובינקיה יודיאה
Tannaim,רבי ישמעאל בנו של רבי יוחנן בן ברוקה,רבי ישמעאל בנו של רבי יוחנן בן ברוקה,,https://he.wikipedia.org/wiki/%D7%A8%D7%91%D7%99_%D7%99%D7%A9%D7%9E%D7%A2%D7%90%D7%9C_%D7%91%D7%A0%D7%95_%D7%A9%D7%9C_%D7%A8%D7%91%D7%99_%D7%99%D7%95%D7%97%D7%A0%D7%9F_%D7%91%D7%9F_%D7%91%D7%A8%D7%95%D7%A7%D7%94,Q103982899,,,,,,,
Tannaim,רבי מיאשא,רבי מיאשא,,https://he.wikipedia.org/wiki/%D7%A8%D7%91%D7%99_%D7%9E%D7%99%D7%90%D7%A9%D7%90,Q20609103,,,,,,,
Tannaim,רבי מנחם ברבי יוסי,רבי מנחם ברבי יוסי,,https://he.wikipedia.org/wiki/%D7%A8%D7%91%D7%99_%D7%9E%D7%A0%D7%97%D7%9D_%D7%91%D7%A8%D7%91%D7%99_%D7%99%D7%95%D7%A1%D7%99,Q6583204,,,,,,,
Tannaim,רבי נהוראי,רבי נהוראי,,https://he.wikipedia.org/wiki/%D7%A8%D7%91%D7%99_%D7%A0%D7%94%D7%95%D7%A8%D7%90%D7%99,Q27990182,,,,,,,
Tannaim,רבי נחוניא דמן חוורן,רבי נחוניא דמן חוורן,,https://he.wikipedia.org/wiki/%D7%A8%D7%91%D7%99_%D7%A0%D7%97%D7%95%D7%A0%D7%99%D7%90_%D7%93%D7%9E%D7%9F_%D7%97%D7%95%D7%95%D7%A8%D7%9F,Q91060431,,Shimon ben Halafta / רבי שמעון בן חלפתא,Abba bar Zabdai / רבי אבא בר זבדא; Johanan bar Nappaha / רבי יוחנן,,,,
Tannaim,רבי פפייס,רבי פפייס,,https://he.wikipedia.org/wiki/%D7%A8%D7%91%D7%99_%D7%A4%D7%A4%D7%99%D7%99%D7%A1,Q31798220,,,,,Palestine / ארץ ישראל,,
Tannaim,רבי שמעון בן יוסי,רבי שמעון בן יוסי,,https://he.wikipedia.org/wiki/%D7%A8%D7%91%D7%99_%D7%A9%D7%9E%D7%A2%D7%95%D7%9F_%D7%91%D7%9F_%D7%99%D7%95%D7%A1%D7%99,Q16133510,,,,,,,
Amoraim,רבנאי,רבנאי,,https://he.wikipedia.org/wiki/%D7%A8%D7%91%D7%A0%D7%90%D7%99,Q116069944,,,,,,,
Medieval Jewish,"רש""י","רש""י",https://en.wikipedia.org/wiki/Rashi,https://he.wikipedia.org/wiki/%D7%A8%D7%A9%22%D7%99,Q26456,Yitzchak / יצחק הצרפתי,Yaakov ben Yakar / יעקב בן יקר; Yitzchak HaLevi / יצחק הלוי; Yitzchak ben Yehuda / יצחק בן יהודה,Meir ben Samuel / מאיר בן שמואל; Rashbam / שמואל בן מאיר; Shemaiah of Soissons / רבי שמעיה; Judah ben Nathan / יהודה בן נתן; Simhah ben Samuel of Vitry / שמחה בן שמואל מוויטרי,1040,Troyes / טרואה,1105-07-13,Troyes / טרואה
Biblical,שבעת העממים,שבעת העממים,,https://he.wikipedia.org/wiki/%D7%A9%D7%91%D7%A2%D7%AA_%D7%94%D7%A2%D7%9E%D7%9E%D7%99%D7%9D,Q18388525,,,,,,,
Biblical,שמרית המואבית,שמרית המואבית,,https://he.wikipedia.org/wiki/%D7%A9%D7%9E%D7%A8%D7%99%D7%AA_%D7%94%D7%9E%D7%95%D7%90%D7%91%D7%99%D7%AA,Q30526579,,,,,,,
